Name,Country,Type,Style,Grape,Fullness,Long Description,Price,Awards,ABV,Volume,ID,Year,Reason
"Behind Closed Doors Reserva Lisboa Red 2016, Portugal",Portugal,Red,Smooth ,,MEDIUM,"An indulgent, rich blend of Portugal's native grapes from one of the country's most awarded wineries. It's big, powerful and bursting with intense flavours of plum, blackberry and vanilla. If you like Porta 6, you'll love this.",10.99,IWC 2019 - Bronze Award,14.0,75.0,5.0,,no grapes could be parsed
The Guv'nor,Spain,Red,Smooth ,,FULL,"The Guv'nor is made by our favourite winemakers. We told them to craft a wine they'd drink at home and to forget any rules. It's a limitless wine. The result is a deep, multi-regional Tempranillo that's powerful bramble, blackcurrant and vanilla bouquet means it's a constant sell-out.",8.99,,14.0,75.0,6.0,,no grapes could be parsed
"Château Recougne 2016, Bordeaux Supérieur",France,Red,Big ,,MEDIUM,"Head off the beaten track in Bordeaux and you'll find delicious reds at a steal. Château Recougne is a prime example of this in action. It's packed with delectable bramble notes, regal spices and integrated tannins. In its prime with beef.",11.99,Decanter 2019 - Bronze Award,14.5,75.0,7.0,,no grapes could be parsed
Porta 6 Reserva 2017,Portugal,Red,Smooth ,,MEDIUM,"How could we make Porta 6, our best-ever-selling, celebrity-chef-backed red, EVEN better? With the help of a Master of Wine, we sourced out some of the best vineyards. We slowly aged this juice in oak barrels. The result: Porta 6 Reserva, a smooth, lavish red. It's the Saturday-night juice ideal for Porta 6 fans.",11.99,,14.0,75.0,12.0,,no grapes could be parsed
La Belle Angele Rose 2018 VdF,France,Rose,,,DRY,"This is proof that tearing up the region-based rule book saves you a packet. Bursting with aromas of stone fruit, raspberry, strawberry and white flowers, you'd be forgiven for being convinced it's Provence pink.",8.99,,12.5,75.0,13.0,,no grapes could be parsed
Porta 6 Vinho Verde 2018,Portugal,White,Crisp ,,DRY,"Following the best-selling, celebrity-chef-backed Porta 6, this Vinho Verde triumphantly entered our exclusive range. Made on the cusp of the Atlantic by a first-class Portuguese winery, Vidigal, cool-ocean breezes gift a fresh, fruity flavour to this juice - it's your perfect refresher. Green fruits dominate.",8.99,"IWC 2019 - Commended Award, IWC 2018 - Commended Award, award",9.5,75.0,14.0,,no grapes could be parsed
Floração Rosé,Portugal,Rose,,,DRY,"'Floração' is the Portuguese word for blossoming; a nod to the beautiful Jacaranda trees that blossom along the streets of Lisbon at the start of summer. Loaded with thirst-quenching flavours of wild strawberry, raspberry and redcurrant, this is a real treat. With a refreshingly dry finish and crisp acidity, Floração is the perfect Rosé for long summer days.",7.99,,12.5,75.0,15.0,,no grapes could be parsed
Definition Albarino 2018,Spain,White,Crisp ,,DRY,The Definition range captures the quintessential qualities of the world's greatest wine styles. So when we wanted to find a stellar Albariño bursting with fresh fruit and a whiff of sea air - we approached a Majestic icon. The producer's other Albariños already have sky-high 'Buy It Again' ratings - but this is sublime.,11.99,IWC 2018 - Silver Award,13.0,75.0,18.0,,no grapes could be parsed
"Valsordo Old Vines Garnacha 2018, Cebreros",Spain,Red,Fruity ,,MEDIUM,"This rare red hails from the village of Cebreros located at the heart of this mountain range. Making wine there is tough. The region is sparsely populated and winemakers toil on remote mountain slopes. However, the quality of Garnach has finally won through with Cebreros winning coveted DO status in 2017!",13.99,,14.5,75.0,25.0,,no grapes could be parsed
Winemaker Series Godello,Spain,White,Crisp ,,DRY,"Godello has been one of the great success stories of the past few years and this wonderful example from Katia Alvarez shows why - crisp, fresh and packed with delicious apple, citrus and mineral flavours.",11.99,,13.0,75.0,26.0,,no grapes could be parsed
Jas de Vignes IGP Mediterranee Rosé 2018,France,Rose,,,DRY,"The prices of Provence pink are skyrocketing with demand. But you just need to head slightly off the beaten track to find a rosé double at a snip of the usual asking price. This is pumping with refreshing notes of watermelon, peach and ripe strawberry. It's proof that French pink still exists at a snip.",9.99,,13.0,75.0,28.0,,no grapes could be parsed
Mâcon-Villages Blanc 'Les Pierres Blanches' 2017 Cave de Lugny,France,White,Crisp ,,DRY,"This is sippable proof that you can still grab delicious white Burgundy at a pocket-friendly sum. You can thank the lack of oak for its oodles of ripe, peach and melon as you sip this refresher through great times.",11.49,"IWC 2018 - Commended Award, Decanter 2018 - Bronze Award, IWC 2017 - Commended Award",12.5,75.0,32.0,,no grapes could be parsed
"Trementi Rosso Appassimento 2016, Veneto",Italy,Red,Big ,,MEDIUM,"On the hunt for another parcel, we went to Verona and visited three friends creating some of the region's most exciting wines. Enrico, Alessandro and Giuseppe have crafted this velvet-like red from a blend of Corvina and Merlot. By drying the grapes, they intensified the flavour and dialled up the plush, mouth-filling texture. Lap up the Trementi's luxurious dark plum, chocolate and damson notes with hearty seasonal dishes.",11.99,,14.5,75.0,33.0,,no grapes could be parsed
Porta 6 2017 Lisboa,Portugal,Red,Smooth ,,FULL,"Celebrity chef James Martin called Porta 6 'one of the nicest reds [he'd] tasted in 10 years on this show'. Following demand broke our website. We sold tens of thousands more than we had in the warehouse (sorry about that!). Chock-full of warm, jammy forest-fruit flavours, it's since become our best-ever-selling red.",8.99,"IWC 2019 - Commended Award, IWC 2018 - Commended Award",13.5,75.0,34.0,,no grapes could be parsed
"Nero Oro Riserva 2016, Sicily",Italy,Red,Big ,,MEDIUM,"Few thought it possible to make Nero Oro even better. But the same 100-Parker-Point-scoring producer has done it. This time aged for a huge 18 months, the Nero Oro Riserva is stuffed with damson, blackcurrant, candied fig and a toasted oakiness.",14.99,"IWC 2019 - Silver Award, Decanter 2019 - Silver Award",14.0,75.0,35.0,,no grapes could be parsed
Côtes du Rhône 2015 E. Guigal,France,Red,Smooth ,,MEDIUM,"Wine Advocate's Jeb Dunnuck called the Guigal winery's produce ""impeccable"". You'll find buckets of Côtes du Rhône Grenache, Syrah and Mourvèdre blends in the wine world. This red-fruit-stuffed gem stands head and shoulders above the rest.",13.99,,14.0,75.0,37.0,,no grapes could be parsed
"The Scribbler 2014, Yalumba",Australia,Red,Big ,,FULL,"Named as an alternative to its own 'Signature' blend, The Scribbler is Yalumba's more youthful take on Australia's classic Cabernet-Shiraz combination, made with a view to early enjoyment. Dense and vibrant purple in colour, with a nose of concentrated dark fruits, liquorice and black olive. The palate is lush and full, with a generous sweetness of fruit and plump, rounded tannins. Yalumba recommends serving with a game pie with a truffled parmesan and parsnip mash.",14.99,,14.0,75.0,40.0,,no grapes could be parsed
Villemarin Picpoul de Pinet 2018 Côteaux du Languedoc,France,White,Fruity ,,DRY,"Picpoul's zestiness and lip-smacking nature have thrust it into the wine-world spotlight. Kissed by Mediterranean breezes, the Villemarin's grapes lock in every bit lemon-peel flavour and snappy acidity. Majestic customers can't get enough, and it's one of our highest rated wines.",9.99,IWC 2017 - Bronze Award,12.5,75.0,41.0,,no grapes could be parsed
Surani Costarossa 2018 Primitivo di Manduria,Italy,Red,Big ,,FULL,"Primitivo is the Zinfandel of Italy. This is crafted in sun-soaked Puglia, the country's heel. The grapes are plucked from some of the region's oldest vines. Old vines craft the tastiest grapes. Coupled with the juice-boosting heat, this brings gallons of black-fruit-and-spice-packed flavour to your glass.",11.99,,14.0,75.0,42.0,,no grapes could be parsed
"Gigondas Domaine Des Capes 2017, Rhône",,Red,Big ,,MEDIUM,"Domaine des Capes Gigonas strikes an expert balance between freshness and elegance. Charming herbal hints of thyme and rosemary notes emerge through a lush palate of gently-spiced black fruit. Enjoy a generous glass with hearty, home-cooked meals to delight you through chilly evenings.",18.99,,14.5,75.0,43.0,,no grapes could be parsed
"Quinta do Carmo 'Dom Martinho' 2017, Alentejo",Spain,Red,Smooth ,,MEDIUM,"When Château Lafite backs an estate it's a big deal. The iconic Bordeaux estate sells its own wines for over £1000 per bottle - so they've clearly recognised something special in Quinta de Carmo. The estate hails from Alentejo, a highly regarded region that has been at the centre of Portugal's renaissance. An unoaked blend of local and international grapes, this is loaded with smoky dark fruits, vanilla and plush tannins.",12.99,,14.5,75.0,48.0,,no grapes could be parsed
"S&R Douro Red, 2017",Portugal,Red,Big ,,FULL,"Two of Portugal's most famous and awarded winemakers crafted this high up on the sun-soaked Douro slopes. It's deep-ruby red, emitting countless vanilla-licked notes of red and black fruits. It's everything that makes Portuguese blends great.",11.99,"IWC 2019 - Silver Award, Decanter 2019 - Bronze Award",13.5,75.0,49.0,,no grapes could be parsed
"Chablis 2018, Bouchard Ainé & Fils, France",France,White,Crisp ,,DRY,"It's no secret that Chablis has had a rough time. Multiple vintages have been hit by hail and frost. However, 2018 ushered in unbridled sunshine. Whilst us Brits were flooding to parks and lidos, Chablis' vines were pampered by endless sun. The result is a crop of unusually ripe-yet-mineral Chablis, the ""best in 20 years"" according to Louis Moreau, the president of the Chablis Commission. Redolent of peach, hazelnut and gun-flint, this is a delicious testimony to this fantastic vintage.",17.99,,12.5,75.0,51.0,,no grapes could be parsed
"Parcel Series Chilean Cabernet 2017, Colchagua Valley",Chile,Red,Big ,,CHILE,"Hot on the heels of the sell-out Parcel Series Red Blend, this is another cracking deal. Made by the estate behind Chile's original 'first growth' Cabernet, with over forty 90+ point scores just for Cabernet, it's bursting with character. In fact, it already has a 90-point score under the estate's name. Bright and lively, with compelling red fruit, sweet paprika, tobacco and cassis flavours - don't miss it!",12.99,,14.0,,55.0,,no grapes could be parsed
Valpolicella Ripasso 2017 Villa Borghetti,Italy,Red,Big ,,FULL,"Valpolicella Ripasso is Italy's best-value red wine. This our Majestic customers' favourite. Left-over skins from costly Amarone are added to this juice to pump up the richness. It's luxuriously textured and flavoursome, boasting opulent notes of fine cherry, blueberry and sweet spice.",13.99,,13.5,75.0,57.0,,no grapes could be parsed
"Greywacke Pinot Gris 2015, Marlborough",New Zealand,White,Fruity ,,DRY,"An autumnal marriage of soft sweet figs, poached pears and quince scented with a hint of mulling spices and almond crumble. An opulently ripe expression of the Pinot Gris grape with great texture and a luscious off-dry richness that finishes crisply with considerable power and length.",28.99,,14.0,75.0,59.0,,no grapes could be parsed
A.Gauvin Gevrey Chambertin 2016,France,Red,Fruity ,,MEDIUM,This fabulous Gevrey abounds with red cherry flavours and floral and spice notes. The quality is superb for a village wine with an intensity of flavour and a purity of fruit normally reserved for 1er cru wines and above.,41.99,,13.0,75.0,61.0,,no grapes could be parsed
Passimento 2016 Pasqua,Italy,Red,Big ,,MEDIUM,"This is made from grapes left to dry in the sun. Appassimento is an ancient Italian winemaking technique, and it crafts the richest, most concentrated fruit. No wonder, then, that this is known as baby Amarone! It's one of our best-rated Italian reds and a heady red, full of concentrated black fruits and sweet spices.",11.99,IWC 2017 - Silver Award,14.0,75.0,68.0,,no grapes could be parsed
Valpolicella Superiore Ripasso 2016 La Casetta,Italy,Red,Big ,,FULL,La Casetta has enjoyed a long and distinguished reign on Majestic shelves - and for good reason. It's a classic example of Valpolicella Ripasso. Its usually light and fruity Valpolicella juice is passed over dried Amarone grapes skins to create red-berry-and-vanilla-packed indulgence. It's a baby Amarone at a snip.,16.99,IWC 2019 - Silver Award,14.0,75.0,70.0,,no grapes could be parsed
"Agenda, Dão Manager's Choice 2016",Portugal,Red,Smooth ,,MEDIUM,We asked our store managers to select and new wine to be stocked nation wide. After an extensive tasting this was the wine they chose. They loved it and we are sure you will as well. This is a delightfully soft and rounded wine with loads of plum and bramble flavours plus touches of herbs. Judicious use of oak adds a slight spiciness to the finish. This will be perfect with herby roast lamb.,9.99,"IWC 2018 - Silver Award, IWC 2017 - Bronze Award",13.0,75.0,76.0,,no grapes could be parsed
"M de Minuty Rosé 2018, Côtes de Provence",France,Rose,,,DRY,"Château Minuty created the pale-pink hue of rosé that you'll find all over the world. It's one of Provence's last vineyards to pluck grapes by hand, bringing every delicious stone-fruit, citrus and melon note to your palate. Many wineries imitate its style. But there really is no matching M de Minuty.",14.99,,13.0,75.0,78.0,,no grapes could be parsed
Planalto White Reserva 2018 Douro,Portugal,White,Crisp ,,DRY,"A blend of white grape varieties indigenous to the Douro area. At once traditional and modern, the wine is vinified very much in a contemporary style, with de-stalking and cold fermentation helping to preserve freshness of fruit and maximum aromatic impact. Dry and delicate, but possessing an interesting aromatic intensity and complexity, with overtones of blossom. The fruit is predominantly citrus, with soft pear and melon flavours completing the picture. Great with seafood or herbaceous pasta and rice dishes.",9.99,IWC 2017 - Bronze Award,13.0,75.0,80.0,,no grapes could be parsed
Vieux Remparts 2017 Lussac St-Emilion,France,Red,Big ,,MEDIUM,Lussac-Saint-Émilion is one of the few regions that can add the prestigious Saint-Émilion name to its own. It shares Saint-Émilion's superb winemaking arsenal. But it's still an insider-secret for eagle-eyed Claret fans - so you save a packet.,12.99,,13.0,75.0,86.0,,no grapes could be parsed
Sancerre Cóte des Embouffants 2018 Domaine Roger Neveu,France,White,Fruity ,,DRY,"Based in the heart of the Verdigny village of the Sancerre appellation where the chalky soils typical of the region produce Sauvignon Blanc of the highest order. Clos des Bouffants is aged on fine lees for six months to impart additional complexity and flavour. Aromas of ripe rhubarb and gooseberry leap from the pale lemon coloured glass, along with hints of lime, chalk and flint. Mineral texture, high acidity, vibrant green fruits and a long, lingering finish. Best enjoyed over the next year while at its freshest, as a partner to goats cheese torte, tomato salads or with freshly caught seafood.",16.99,,13.0,75.0,87.0,,no grapes could be parsed
"Masi 'Costaser' Amarone Classico 2013 DOCG, Valpolicella",Italy,Red,Big ,,FULL,"How can you up the regal in Amarone? You could dry the grapes on bamboo racks. You could ferment the wine for a generous 80 days. And you could mature it in Slovenian oak. This bottle sees all of this luxury treatment. It's a full-bodied, complex red that's stuffed with red fruit, a hint of tobacco and mouth-stuffing tannins.",37.0,,15.0,75.0,91.0,,no grapes could be parsed
Majestic Loves Sauvignon 2019,Chile,White,Fruity ,,DRY,"If you like your Sauvignon fruitier than the French stuff and crisper than Kiwi, opt for Chile. This is light, refreshing and alive with zesty notes of green apple and citrus.",6.99,IWC 2018 - Commended Award,12.5,75.0,92.0,,no grapes could be parsed
Puligny-Montrachet 2016 Jean-Louis Chavy,France,White,Rich ,,DRY,"Blended from 8 different parcels across the appellation, this wine gives an excellent representation of the 'terroir' of Puligny-Montrachet. The domaine was inherited from father Gerard Chavy 2004 and was split with brother Alain, who makes wine under his father's name. Neither overtly fruity nor over-oaked, Jean-Louis Chavy's wines are extremely well balanced, emphasising the classic minerality of Puligny-Montrachet. A model of finesse and elegance, drink with simply flavoured grilled white fish. Alternatively, drink this pure wine by itself.",40.0,,13.0,75.0,95.0,,no grapes could be parsed
Mâcon-Villages 'Les Roches Blanches' 2018 Louis Jadot,France,White,Crisp ,,DRY,"The majority of the fruit for this wine was sourced from the superior quality vineyards from around the village of Loché, southwest of Mâcon in southern Burgundy. Made in a fresh, clean and fruity style with subtle green apple and pear flavours with a pleasant minerally finish. A nice apéritif, this will also partner white fish dishes well.",12.99,,13.0,75.0,97.0,,no grapes could be parsed
Whispering Angel Rosé 2018,France,Rose,,,DRY,"This beautiful salmon-pink Provence rosé has a very pretty scent of crushed strawberries, peach, rose-water and orange blossom. On the palate, it is wonderfully dry and crisp with delicate summer berry fruits balanced by citrus zest acidity and a deliciously creamy finish. A fabulously sophisticated rosé that is perfect for summer picnics or evening aperitif. Whispering Angel is the big name in Provence Rosé. This is typical of the style, light red-fruit and a delightful peachiness with a smattering of that enigmatic ""minerality"". Too easy to drink Best enjoyed on it's own while listening to Jane Birkin, this also goes brilliantly with Pizza, salty salads and barbecued fish.",22.99,,13.0,75.0,101.0,,no grapes could be parsed
Tignanello 2016 P. Antinori,Italy,Red,Big ,,FULL,"Very intense ruby red colour. Nicely expressed varietal aromas with hints of black berry fruit. The palate is weighty, dense and vibrant with complex structure thanks to support of the acidity. Long and lingering with hints of chocolate, coffee and marmalade in the aftertaste. The beautifully handled tannin from the wine and wood blend making Tignanello a very complex, stylish and sophisticated wine.",100.0,,14.0,75.0,103.0,,no grapes could be parsed
Montepulciano d'Abruzzo 2016 Masciarelli,Italy,Red,Big ,,MEDIUM,"Abruzzo has seriously strict rules. And you can really taste the quality in this. It's a step up from other Montepulciano, boasing notes of ripe cherries, sweet spices and an alluring hint of smoke. It's comfort food in a bottle.",13.99,,13.0,75.0,108.0,,no grapes could be parsed
Château La Commanderie 2013,France,Red,Big ,,MEDIUM,"A rich, smooth body balances intense notes of ripe red fruit with toasted oak that linger on the palate, thanks to a lengthy finish. While it'll age on your rack for a further 7 years, it's tasting impeccable now.""",21.99,,12.5,75.0,110.0,,no grapes could be parsed
La Raia 'Il Borgo' Gavi 2018,Italy,White,Crisp ,,DRY,"We love Gavi and this is a cracking example. Made using biodynamic principles the flavours are bright and pure with citrus, and stone fruit to the fore enhanced by floral and mineral notes. This zingy Gavi is best enjoyed with tomato based foods or with Mediterranean platters",14.99,,13.0,75.0,114.0,,no grapes could be parsed
"Châteauneuf-du-Pape 2014, Réserve des Diacres",France,Red,Big ,,FULL,"It is increasingly difficult to find CNDP of this quality at this price. Silky smooth, intense and complex the classic flavours of red fruits, spice, herbs are all presents with just a hint of chocolate.",21.99,,14.5,75.0,115.0,,no grapes could be parsed
Côtes-du-Rhône 2017/18 Léon Perdigal,France,Red,Smooth ,,MEDIUM,"This is a classic blend sourced from several sites in the southern Rhône. It has been named in honour of Léon Perdigal, the first cellarmaster at Ogier's now famous cellars, when they were founded in 1859 in Châteauneuf-du-Pape. The nose has intense aromas of red fruits and spice, with subtle pepper and garrigue notes. The spice-tinged red fruits continue on the palate, which is medium-bodied and has a pleasing length. Enjoy with all spiced Mediterranean dishes or barbecued meats.",9.99,"IWC 2018 - Commended Award, Decanter 2018 - Silver Award",14.0,75.0,125.0,,no grapes could be parsed
Desire Lush & Zin 2018,,Red,Big ,,FULL,"This is a warming and intense Puglian red. Made from Primitivo it is soft and velvety with fine rich flavours of plums, red cherries, spice, vanilla and coffee. Oozing black berry fruits alongside smatterings of prunes and figs. A velvety delight. Have with wild boar sausages, lamb ragu or with",12.99,,13.5,75.0,127.0,,no grapes could be parsed
"Les Sources De Livran, Château Livran",France,Red,Big ,,MEDIUM,"Château Livran has become a Majestic favourite overnight. Two of our previous parcels sold out exceedingly fast. In fact, the 2009 Livran sold out in just three hours! This is Livran's second wine but quality remains high. Made from younger vines it has a fresh, more approachable feel. Expect ripe red fruit, soft tannins and crisp acidity from this quintessential Médoc.",11.99,,12.5,75.0,128.0,,no grapes could be parsed
Primitivo 2017 Natale Verga,Italy,Red,Big ,,MEDIUM,"The southern part of Italy is home to Primitivo, a grape now more commonly known elsewhere as Zinfandel. This example is from vineyards in the provinces of Brindisi and Taranto, in the south-eastern part of Puglia, the 'heel' of Italy's 'boot'. An approachable, medium-bodied wine full of sunny red berry flavour and subtle hints of prune and violet on the nose. Smooth, drying tannins mingle with the rounded, juicy fruit. Drink with pasta cooked with your favourite tomato-based sauces.",7.99,,13.0,75.0,130.0,,no grapes could be parsed
Krasno Pinot Bianco,,White,Crisp ,,DRY,"The hallmark of Brda wines is an unmatched minerality, which simmers under bone-dry flavours of apple, grapefruit and lemon. Although it's your ideal late-summer sipper, it'll age with splendour for 2 years on your rack.",10.99,,13.0,75.0,131.0,,no grapes could be parsed
"Cuvée Pierre Brun 2016 Domaine des Tourelles, Lebanon",Lebanon,Red,Big ,,MEDIUM,"When it comes to Lebanese wines it's not only Château Musar that's worth collecting. Founded in 1868, Tourelles is Lebanon's oldest winery. It's now run by Faouzi Issa, who earned his stripes working in Côte Rôtie and at iconic Château Margaux.This experience is reaping rewards. A blend of Cabernet, Syrah, Cinsault and Carignan, this has fine aromatic morello cherry and spice aromas, a dark fruit core with layered earthy spice, and balanced tannins.",12.99,,14.5,75.0,132.0,,no grapes could be parsed
Fuente de la Vida Blanco,,White,Crisp ,,DRY,"Our buyers specifically sought Fuente de la Vida Blanco for Wine Concierge customers. It's a WIGIG (when it's gone, it's gone!) which means we only have a small number to go around and this crowd-winner boasts the elegance of floral notes that mingle with aromatic undertones through a mouthwatering marriage of peach, citrus and grapefruit.",9.99,,11.5,75.0,144.0,,no grapes could be parsed
Chronic Cellars Purple Paradise 2017 Paso Robles,USA,Red,Big ,,FULL,"Josh Beckett was born in Paso Robles and worked in wineries all through High School. After completing school he worked under American, French and Australian winemakers before returning to Paso Robles and founding Chronic Cellars with his brother Jake. Purple Paradise has a rich dark colour intense smoky, vanilla, cherry, chocolate and spice flavours. The tannins are soft and the acidity balanced in this delicious wine. Enjoy with richly flavoured meat dishes from burgers and steaks to beef and game stews.",17.99,Decanter 2017 - Bronze Award,14.5,75.0,150.0,,no grapes could be parsed
Château Musar 2003 Gaston Hochar,Lebanon,Red,Big ,,MEDIUM,"Lebanese winemaking spans over 6,000 years. Château Musar is the country's best known winery for good reason. This is rich, vibrant and brimming with delicious spices. You'll have a tough time finding anything that comes close elsewhere.",31.99,,14.0,75.0,151.0,,no grapes could be parsed
Château Grand Faurie La Rose 2013/14 St-Emilion Grand Cru,France,Red,Big ,,MEDIUM,"Accept no second bests. This 'Grand Cru' is cream-of-the-crop claret. Boasting developed notes of blackcurrant, rose, clove and regal spices, it's the red your Sunday roast's been missing.",21.99,,13.5,75.0,161.0,,no grapes could be parsed
Santa Rita Medalla Real Carmenère 2017 Colchagua Valley,Chile,Red,Big ,,FULL,"Unlike the majority of its wines which are very modern and fruit-driven, Santa Rita's Medalla Real wines are made in a more classic style, with a little more in the way of secondary, savoury characters. This Carménère comes from sites in the Marchigüe and Apalta regions. Plush and full bodied, this wine offers the nose and palate an array of blueberry, plum and oak-softened cassis fruit, accented with intriguing coffee and dark chocolate aromas. Will stand up well to steaks, as well as something a little gamier, such as pot roasted rabbit or duck.",11.99,IWC 2018 - Silver Award,14.0,75.0,163.0,,no grapes could be parsed
Passimento Bianco 2018 Pasqua,Italy,White,Fruity ,,DRY,"Made from grapes grown in the heart of Valpolicella in the Province of Verona the Garganega grapes are initially dried before vinification. During the drying process the grapes lose 20-30% of their weight concentrating the sugars giving a rich, smooth wine. Intense tropical and peach flavours. This wine is refreshing yet powerful; buttery yet refreshing with a lingering finish. This unusual wine will match with all sorts of foods from pungent cheese to buttery chicken and fish dishes.",11.99,IWC 2018 - Commended Award,13.0,75.0,164.0,,no grapes could be parsed
Majestic Loves Spanish Red 2018,Spain,Red,Smooth ,,MEDIUM,"Smooth and bursting with black fruits, this is everything a young Rioja has but the region-based label. Delight friends with this and a tapas spread - we won't spill your cost-efficient secret!",6.99,IWC 2017 - Commended Award,13.5,75.0,165.0,,no grapes could be parsed
Barolo 2015 Ciabot Berton,Italy,Red,Big ,,FULL,"Barolo is the king of Italian reds for good reason. It's imitated the world over. But nothing matches the real stuff. Pumping with indulgent tannins, rose petals and plummy red fruit, this is flavour on overdrive.",30.0,,14.5,75.0,166.0,,no grapes could be parsed
Gavi 2018 Araldica,Italy,White,Crisp ,,DRY,"Gavi is a small town and winemaking sub-region in the far south-east corner of Piedmont, around 50km inland of the Med, famed for the Cortese grape which is indigenous to the north of Italy, and a popular feature in the restaurants of the Ligurian coast. Zippy, fresh and predominantly citrus-flavoured wine, with a racy lime-zest and nettle aroma. Refreshingly clean on the palate, with enduring, mouthwatering acidity. Drink with spaghetti genovese, or any fresh seafood dish.",9.99,,12.5,75.0,169.0,,no grapes could be parsed
Jas Du Lauzon Luberon Rosé,France,Rose,,,DRY,"Jaz du Lauzon is a beneficiary of Luberon's unique climate. Redolent of wild raspberries and rose petal, and displaying a delicate minerality, it's a real summer thirst quencher.",9.99,,13.5,75.0,172.0,,no grapes could be parsed
Domodo Negroamaro IGP Puglia 2018,Italy,Red,Big ,,MEDIUM,Chosen by our Store Managers this has a deliciously intense palate of blackcurrant and wild bramble fruit is lifted with charming hints of thyme and sweet spice. This makes an outstanding partner for rich red meat dishes. Deliciously intense and smooth palate of blackcurrant and wild bramble lifted by charming hints of sweet spice. An oustanding partner for rich red meat dishes or mature cheese.,9.99,,12.0,75.0,174.0,,no grapes could be parsed
Definition Rosé 2018,France,Rose,,,DRY,"The Definition range captures the quintessential qualities of the world's greatest wine styles. Old vines craft the juiciest berries. So to capture the essence of rosé, we went to a French vineyard with crops reaching 70 years. You're in for pure notes of stone fruit, citrus and melon balanced by zippy acidity.",10.99,,12.0,75.0,175.0,,no grapes could be parsed
Jean Lucas Cotes du Rhone Villages Vaison la Romaine,France,Red,Smooth ,,MEDIUM,"A garnet juice exudes vibrant notes of red berries and plum. Hints of toasted mocha frame a generously-long finish. Pair this with your roast dinners and stews to dine lavishly as leaves fall Lovely dark garnet colour, strong fruit (sherries, Plum, red berries), notes of toasted coffee and spices with a long finish. A warm hearty stew is the perfect marriment",10.99,,13.5,75.0,179.0,,no grapes could be parsed
Elysium Black Muscat 2015 Half Bottle,USA,Dessert & Fortified,,,SWEET,"Black Muscat, an under-appreciated Muscat variety, one of the very few black-skinned Muscats. Elysium is Greek for Heaven, a fitting association for this excellent wine made by Andrew Quady. Virtually black in colour, with a rose-like aroma, very intense on the palate and full of fantastic rich velvety fruit. One of the few wines that can stand up to chocolate puddings. Or try it poured over ice cream for the ultimate after-dinner treat!",13.99,IWC 2017 - Silver Award,15.0,37.5,180.0,,no grapes could be parsed
Casal de Ventozela 2018 Vinho Verde,Portugal,White,Crisp ,,OFF DRY,"Vinho Verde is made in the north-western corner of Portugal, and is a category of young wines that can be made from a range of grapes. This example is made from the indigenous variety Arinto, and undergoes a period of maturation on fine lees to achieve a richer flavour. Crisp and dry, with delicate flavours of soft citrus fruit, melon and green apple, and aromatic hints of blossom and white pepper. The palate offers refreshing sherbet suggestions. A great match for prawns with an aromatic, spicy dressing.",9.99,,13.5,75.0,182.0,,no grapes could be parsed
Porta 6 Rosé 2018,Portugal,Rose,,,DRY,"Following the best-selling, celebrity-chef-backed Porta 6, this is utterly refreshing pink. Cooling Mediterranean breezes lend a fresh, fruity balance to this summer-fruit-packed juice. A dry, refined Rosé, it's a money-saving double for Provence produce.",8.99,IWC 2019 - Commended Award,12.5,75.0,188.0,,no grapes could be parsed
Chianti Classico Riserva 2013 Villa Antinori,Italy,Red,Big ,,FULL,"A blend of 90% Sangiovese supported by Cabernet Sauvignon and Merlot, offering an intense ruby red in color, features an equally intense nose of red fruit, raspberries, and blueberries, followed by hints of oak and spices, particularly cloves, on the aromatic finish. On the palate, the wine is immediately vibrant and very territorial in character. The tannins are supple but well present. The finish and aftertaste are fruity and the light notes of oak long and lingering.",25.0,,14.0,75.0,190.0,,no grapes could be parsed
Macon Villages Elodie Dupres,France,White,Fruity ,,DRY,"Intense and subtle nose of white fruits (mango, pineapple) and dried fruits (hazelnut, grilled almond). Freshness and elegant taste of citruses and ripe nectarines for a perfect balance with a beautiful minerality.",9.99,,13.0,75.0,192.0,,no grapes could be parsed
Definition Gavi DOCG 2018,Italy,White,Crisp ,,DRY,"The Definition range captures the quintessential qualities of the world's greatest wine styles. Gavi is the Chablis of Italy. Not just thanks to its refined, clean character, but due to its tiny production area. This delivers every steely note of stone fruits, pear and honey that you'd expect from the most exclusive stuff at a snip.",11.99,IWC 2018 - Commended Award,12.5,75.0,194.0,,no grapes could be parsed
Gavi 2018 La Toledana,Italy,White,Crisp ,,DRY,"The white wines of the village of Gavi in Piedmont have been dubbed the Chablis of Italy, due to their fresh, steely minerality. Ripe peach and pears with hints of citrus and a slight honeyed edge held together by steely minerality and a fresh acidity. An ideal apéritif, this wine will also complement poached white fish with a rocket and cherry tomato salad.",14.99,,13.0,75.0,201.0,,no grapes could be parsed
Taylor's Quinta de Vargellas 2004 Port,Portugal,Dessert & Fortified,Port,,FULL,"The 300 year old Port House of Taylor's, based in Oporto on the Atlantic coast are owners oft he Quinta de Vargellas vineyard, based high up in the Douro valley.Vines of over 75 years old make up 60% of the vineyard, produces wines that age as long as vintage Port. Concentrated spicy aromas of raisin, spices, and currant. Exceptionally rich, with layer upon layer of fruit, a chewy, unctuous texture, firm structure and tannin and a finish lasting in over a minute. Decant well in advance and enjoy anytime over the next decade (or two). Serve with a full cheese platter, or just savour after dinner.",31.99,,20.5,75.0,204.0,,no grapes could be parsed
Aresti Bellavista Sauvignon Gris 2017,,White,Fruity ,,DRY,"The Aresti winemaking team have already scooped some seriously impressive awards - bagging a coveted Platinum Award at the Decanter Wine Awards 2017. So it's no surprise this Sauvignon Gris from the cool Maule Valley is bursting with cool citrus aromas, mouth-watering acidity and vibrant lime flavours",10.99,,13.0,75.0,206.0,,no grapes could be parsed
Majestic Loves Montepulciano 2018,Italy,Red,Fruity ,,MEDIUM,"This great Montepulciano is full of juicy red fruit and relaxed tannins. Exceedingly approachable, easy going and perfect with pizza - everything that great Italian red should be!",6.99,,12.5,75.0,220.0,,no grapes could be parsed
Varzea Vinho Verde,Portugal,White,Crisp ,,DRY,"Varzea de Marao has over 100 years experience crafting zippy, lime-packed Vinho Verde. This is from the oldest vineyard in the region. You'll taste its excellence in refined hints of green apple and citrus.",7.99,,9.5,75.0,223.0,,no grapes could be parsed
Winemaker Series Rosé IGP Mediterranee,France,Rose,,,DRY,"At just 29-years-old, Hermine de Clermont-Tonnerre is head winemaker at Commanderie de Peyrassol, Provence's oldest winery. So we had to get her rosé expertise on board with Winemaker Series. Elegant notes of strawberry, raspberry and blossom are chased by a hint of white pepper and refreshing acidity.",10.99,,12.5,75.0,228.0,,no grapes could be parsed
Santa Rita 120 Carménère 2018 Central Valley,Chile,Red,Big ,,FULL,"Santa Rita's 120 range has been named in tribute to 120 freedom fighters who sheltered at the Santa Rita winery during Chile's war of independence in 1814. The Carmènère is sourced from a range of vineyard sites throughout Chile's Central Valley. A lively and juicy representation of this variety, with a soft and supple texture, bright brambly fruit and subtle notes of spice and tobacco leaf, and a hint of vanilla from 6 months in French oak. Enjoy with simple pasta dishes, grilled lamb chops or simply on its own.",8.99,,13.5,75.0,229.0,,no grapes could be parsed
Definition Grüner Veltliner 2018,Austria,White,Crisp ,,DRY,"The Definition range captures the quintessential qualities of the world's greatest wine styles. Three Grüner Veltliner WIGIGs (when it's gone, it's gone!) sold out in less than 24 hours last year. So we had to outdo ourselves with the definition of the skyrocketing style. Made by a man once crowned 'Best White Wine Producer', it's racing with quince, white peach and white pepper.",10.99,"Decanter 2019 - Bronze Award, Decanter 2019 - Bronze Award, IWC 2018 - Silver Award",12.5,75.0,231.0,,no grapes could be parsed
Viré-Clessé Cave de Viré,France,White,Crisp ,,DRY,"Awarded AOC status in 1998 Viré-Clessé produces some of the finest wine in the Maconnais. Flavours of delicate peach and rich tropical fruit are enhanced by a creamy texture from lees ageing. This Chardonnay is light and moreish and would do well with seafood, would add depth to a chicken dish and would be perfect with cheese.",14.99,,13.5,75.0,239.0,,no grapes could be parsed
"Definition Carménère 2017, Maipo Valley",Chile,Red,Big ,,MEDIUM,"Rich and comforting, Carménère has earned its place in our Definition range. After a difficult journey to stardom, struck by disease in France, then mistaken for Merlot in Chile - we wanted a first-class example to do it justice. Made by a winery four times voted 'Chilean Producer of the Year' by Wine & Spirits Magazine, in the acclaimed Maipo Valley, this certainly is. Enjoy its intense black fruit flavours, notes of tobacco, cinnamon and cloves.",10.99,,14.0,75.0,240.0,,no grapes could be parsed
"Montagny 'Vieilles Vignes' 2016, Cave des Vignerons de Buxy",France,White,Rich ,,DRY,"This is made by the winery behind our best-selling white Burgundy - and Majestic customers rate this as even better! The older the vine, the juicier the grape. Those behind this are 30-years-old. So you can expect a rich flurry of citrus and white blossom.",12.99,,13.0,75.0,242.0,,no grapes could be parsed
Waimea Estate Pinot Gris 2018 Nelson,New Zealand,White,Fruity ,,DRY,"Grown in Nelson, to the west of Marlborough, on stony loam soils with high sunshine hours and a moderating Maritime influence. The winemaking philosophy blends Old World techniques with pioneering methods now becoming commonplace in the New World. Bursting with aromas of pear, honey, apple, spice and even a hint of cream. Hints of sweetness partner the pure fruit flavours and are complemented by clean acidity, good length and soft texture. Gorgeous on its own as a fuller bodied apéritif or with Thai and Asian foods. At its best when enjoyed over the next eighteen months.",13.99,"Decanter 2019 - Commended Award, IWC 2018 - Commended Award, IWC 2017 - Commended Award",13.0,75.0,243.0,,no grapes could be parsed
"Primo Rosso Appassimento 2018, Puglia",Italy,Red,Big ,,MEDIUM,"It's from Puglia, the Italian spot for full-bodied reds, where grapes reach sky-high levels of ripeness. The trick?The winemaker twists the stems of every grape bunch. It's laborious work but allows berries to fill with concentrated juice. From the first winery's to bring this Puglian technique to the UK - you'll taste the benefit in this rich and spicy red bursting with bold notes of lush cherry, raspberry and redcurrant.",9.99,,14.5,75.0,248.0,,no grapes could be parsed
Pouilly-Fuissé 'Les Vignes Blanches' 2018 Domaine Cordier,France,White,Rich ,,DRY,"Vignes Blanches is a Cordier-owned parcel of 40-plus year-old vines, producing superbly balanced, rich styles of wine. Characteristic traits of this producer are minimal filtration and super-low yields to maximise concentration and purity. Ripe tropical fruit in the form of peach and apricot are in abundance here, yet are kept in touch with a crisp acidity which leaves the finish refreshing and near-flawless. Enjoy with richer dishes such as risotto, pâté or duck - the clean acidity will cut through the fatty elements in these foods.",28.99,,13.5,75.0,251.0,,no grapes could be parsed
Contesa Pecorino 2017/18 IGT Colline Pescaresi,Italy,White,Fruity ,,DRY,"Pecorino is an early ripening, thin-skinned grape, native to central parts of Italy. The bunches tend to be very triangular in shape, reminiscent of a sheep's head, said to be the reason for the grape's name. This great example is 30% oak fermented. Pale yellow, with a remarkably intense nose of citrus fruits, hints of hawthorn and orange blossom. Soft, clean, but persistent palate texture, with a pleasing mineral complexity. Try with nutty cheeses, such as the wine's sheep's milk cheese namesake, or with simple cod dishes.",11.99,,12.5,75.0,257.0,,no grapes could be parsed
Château Musar 2000 Gaston Hochar,Lebanon,Red,Big ,,MEDIUM,"""This, I think, will be the most divisive of the Musar reds reviewed this issue... The crisp character makes it refreshing and delivers lingering flavors to the palate on the finish, but it also means there is not a lot of fleshiness here, the texture is not particularly caressing and it has a certain austerity that some will appreciate -- and many won't. Yet, it evolved beautifully in the glass and I greatly admired its structure, which should guarantee its ability to age gracefully for a long while in the cellar"". Drink 2010-25. 89+ points. Mark Squires, The Wine Advocate.",33.0,,14.0,75.0,261.0,,no grapes could be parsed
Château de Sainte Gemme Haut-Médoc,France,Red,Big ,,MEDIUM,"Château de Sainte-Gemme neighbours wineries that charge £50+ per bottle. Its grape-plumping soils, climate and rainfall are almost identical. But because it doesn't boast the same prestigious label, you can save a packet. This claret's pumping with blackberry, cherry and mocha.",14.99,,13.0,75.0,264.0,,no grapes could be parsed
Matsu El Picaro 2018 Toro,Spain,Red,Big ,,FULL,"Picaro means 'rogue' or 'rascal', and this rapscallion of a wine is a youthful interpretation of the Toro region's style. The grapes come from mature vines of over 50 years of age, but the wine spends only three months in oak, preserving their natural fruit profile. Vivid crimson-purple in the glass. Aromas are of ripe blackberries and raspberries, with subtle hints of fresh cocoa. The palate is bold yet supple, with ripe tannins and a mineral grip. Enjoy on its own or with boldly flavoured pasta dishes or spicy meat skewers.",11.99,IWC 2017 - Silver Award,14.5,75.0,266.0,,no grapes could be parsed
Vallée Des Pins Rosé 2018 Côteaux d'Aix en Provence,France,Rose,,,DRY,"The vineyards of Vallée des Pins are located just to the north of Aix en Provence. The wine is made by traditionnal 'assemblage', in which the constituent grape varieties are vinified separately, before being carefully blended to achieve the desired style. Pale and delicate in appearance, this rosé offers remarkable depth of flavour and aroma. Strawberry, raspberry and white peach fruit combine with more exotic guava-like characters. Try with gratinated aubergines or other simple Mediterranean cuisine.",9.99,,12.5,75.0,268.0,,no grapes could be parsed
Miraval Rosé 2018 Côtes de Provence,France,Rose,,,DRY,"The 17th-century Miraval estate is located in the Var region of Provence, and was bought by Brad Pitt and Angelina Jolie in 2009 and extensively renovated. With winemaking expertise from Perrin, the first modern vintage was released in 2012, and was met with wide acclaim. A beautifully pale pink colour, with a nose of wild strawberry and stone fruit, with delicate floral touches. Great palate texture, with soft tangerine and peach notes joining layers of berry fruit. Enjoy on its own or with fine seafood.",19.99,,13.0,75.0,269.0,,no grapes could be parsed
Leon Perdigal Côtes du Rhône Rosé 2018,France,Rose,,,DRY,Named after a renowned cellarmaster from the middle of the 19th Century these wines are a tribute to his passionate belief that the wine of the Rhône should reflect their terrior. A delicate pale pink colour with intense red fruit aromas followed by a full yet fresh with floral and citrus notes. This will be perfect with any grilled meat flavour with the herbs of the region.,9.99,Decanter 2018 - Bronze Award,13.0,75.0,275.0,,no grapes could be parsed
"Peyrassol, Reserve des Templiers Rosé 2018 Côtes de Provence",France,Rose,,,DRY,"Commanderie de Peyrassol was founded in 1308 by the Knights Templar. In addition to 80ha of vines, it also shelters 2500 olive trees, 200 oak truffles trees and a private hunting area with deer, hinds, mouflons and wild pigs. This dry rosé has a spicy warmth to the fruit, lifted by refreshing acidity and a peachy edge. Notes of strawberry predominate, with background notes of white pepper. Equally at home with charcuterie and other cold meats, olives, soft cheese, or fish dishes.",13.99,Decanter 2017 - Bronze Award,12.5,75.0,276.0,,no grapes could be parsed
Minuty Cuvée Prestige 2018 Côtes de Provence,France,Rose,,,DRY,"Château de Minuty is located on the St Tropez Peninsular, with its vineyards virtually overlooking the Mediterranean. This rosé is quintessential of the local style, with the blend employing the little-known Tibouren grape, a variety grown almost exclusively in Provence. Pale honeysuckle pink, and offering a clean nose of citrus fruit, offset by subtle floral and candied notes. Fresh acidity makes for an incisive and lively palate, with a rounded feel. On its own in the sunshine or with the cuisine of Provence such as salad Nicoise",18.99,,13.0,75.0,282.0,,no grapes could be parsed
Sofa King Bueno 2015 Chronic Cellars,USA,Red,Big ,,FULL,"Elegant and sophisticated. The nose if full of red berries and light violets. Followed up with mild tannin, a hint of tobacco, plums and a lingering finish.",22.0,"IWC 2018 - Commended Award, IWC 2017 - Commended Award, Decanter 2017 - Bronze Award",14.0,75.0,287.0,,no grapes could be parsed
Negrar Il Viaggio Appassimento 2018,,Red,Big ,,FULL,"Red wine is a go-to for winter warming and Negrar Il Viaggo Appassimento leaves no trace of doubt as to why. It's rich in texture, deep and plummy with uplifting notes of red cherry and violet that perfectly round the palate. Rich in texture, deep and plummy with uplifting notes of red cherry and violet, perfectly rounding the palate. Enjoy with rich red meat dishes, such as aged beef and venison.",12.99,,14.0,75.0,288.0,,no grapes could be parsed
Waimea Estate Grüner Veltliner 2017 Nelson,New Zealand,White,Crisp ,,DRY,"Just three rows of vines known as the 'Railway Reserve', owing to their following the path of a disused railway line, within Waimea's Annabrook Vineyard are planted with Grüner Veltliner. The wine is made deliberately off-dry to achieve the perfect flavour balance. An inviting golden colour, this is a fresh and crisp wine with a little extra richness. Stone fruit and pineapple flavours are accented with nuances of fennel, white pepper and a lingering minerality. Pair with fine seafood or poultry dishes.",13.99,Decanter 2019 - Bronze Award,13.0,75.0,289.0,,no grapes could be parsed
"Villa Belinda Vino Varietal, 2017",Spain,Red,Smooth ,,MEDIUM,"Juicy, full bodied and velvety the Villa Belinda is intensely flavoured with blackcurrant and plum to the fore. Long and lush the wine finishes with delightful notes of black pepper and herbs. This wine displays intense red and black berry aromas with subtle notes of black pepper and Mediterranean herbs. This versatile wine can be enjoyed on its own, but goes well with roasted and grilled meats, cheese, pasta, rice dishes and spicy food.",10.99,,14.5,75.0,291.0,,no grapes could be parsed
Château Vieux Maillet Pomerol 2004,,White,Rich ,,LIGHT,"Made from almost entirely Merlot - with just a dash of Cabernet Franc - this is all about dense, fleshy fruit delights. Plum dominates alongside notes of smoky truffle, pepper and darker briar fruits. Supple tannins are still present despite its age which makes it a fine choice for food.",38.0,,13.0,75.0,293.0,,no grapes could be parsed
Esprit de Pennautier 2014 Cabardes,France,Red,Fruity ,,FULL,"This premium cuvée from the Lorgeril family estate is a blend of fantastic old-vine Syrah with Bordeaux varieties, grown on the south-facing slopes of La Montagne Noir close to Carcassonne, and as such is one of the finest examples of the robust Cabardès style. A powerful nose of black fruits infused with hints of truffle, pepper and coriander. Full-bodied and rich, with firm yet approachable tannins and mellow, toasty wood influence. Drink now or cellar for up to 10 years. Best with charry duck magrets or hard cheeses.",24.99,,14.5,75.0,294.0,,no grapes could be parsed
Domaine Cordier Jean de Vignes Bourgogne Blanc 2016,France,White,Rich ,,OFF DRY,,14.99,,13.5,75.0,300.0,,no grapes could be parsed
"Reckless Love Red Blend, California",,Red,Big ,,MEDIUM,The Syrah in this blend lends a plush almost velvety softness that envelops the acidity and tannin of the Cabernet seamlessly with lashings of ripe black fruit flavour - think of your favourite and it's in here in spades.,18.99,,14.0,75.0,301.0,,no grapes could be parsed
Barolo Araldica 2013,Italy,Red,Big ,,FULL,"Araldica is a large co-operative based in Piedmont with over 900ha of vineyards and 200 individual growers. The grapes for this Barolo come from the classic villages of Barolo itself, la Morra, Serralunga d'Alba and Grinzane Cavour This lovely ruby coloured wine exhibits aromas of plums, leather and violets. The palate is rich with red fruits, spice and a hint of smoke. The finish is long and complex. A great match for all sorts of foods from grilled steak, stewed beef, cep risotto or strong hard cheese.",17.99,,14.0,75.0,307.0,,no grapes could be parsed
Fattori Soave 2018,Italy,White,Crisp ,,DRY,"Winemaker Antonio Fattori and his brother Giovanni are the third-generation owners of the Fattori winery, having taken over from their parents in 1970. Since then, they have modernised the operation, adding new vineyard plantings and the latest winemaking equipment. A pale, light-bodied wine, with a core of citrus and white apple fruit. The bouquet is enhanced by subtle hints of sage and nettle, while the palate is fresh, crisp and gently mineral textured. Drink with pasta alle vongole.",11.99,,12.5,75.0,308.0,,no grapes could be parsed
Rustenberg RM Nicholson 2016 Stellenbosch,South Africa,Red,Big ,,FULL,"This was named in honour of one of the estate's former owners, Reg Merriman Nicholson, who lived and worked as winemaker at Rustenberg for 30 years. Small batches of each variety are vinified separately, blended, then aged in oak for 7 mths for good integration. Blackcurrant aromas are complemented by notes of dried herbs and black pepper. The palate is fleshy and firmly structured, with weighty red fruit flavours and bold tannins. Correctly cellared, this wine will continue to improve, and keep for 8-10 years.",14.99,IWC 2018 - Commended Award,14.0,75.0,310.0,,no grapes could be parsed
Kuhlmann-Platz Gewürztraminer 2018 Cave de Hunawihr,France,White,Rich ,,MEDIUM,"Cave Vinicole de Hunawihr was the first cooperative in Alsace and the third in France as a whole. The winery was built in the 1950s by the founding vignerons, who tended their vines by day and worked on the building by night, creating a winery that is still in use today. Fresh and open, with a pale straw colour and light body. Aromas of apricot and yellow plum, with hints of white rose. A gently sweet palate with firm acidity that dries and lengthens the finish. Best enjoyed with pungent soft cheeses such as Munster, or with spiced oriental cuisine.",11.99,,13.5,75.0,314.0,,no grapes could be parsed
Herdade De Gambia 2017,Portugal,Red,Fruity ,,MEDIUM,"The property is run with a dual aim of promoting healthy vineyards and conservation of endangered wildlife in the Sado estuary such as flamingo, heron and spoonbill. The long growing season produces a big juicy red that is packed with soft plum, bramble and cherry flavours. A perfect match for grilled lamb.",9.99,,13.5,75.0,315.0,,no grapes could be parsed
Château Le Monteil d'Arsac Haut Medoc,France,Red,Big ,,LIGHT,"The nose delivers notes of ripe black fruits with mocha and roasted coffee aromas. The palate is smooth and textured with nice volume in the mouth, and the tannins are elegant and pleasantly woody.",14.99,,13.5,75.0,317.0,,no grapes could be parsed
Mon Plaisir du Sud Rosé 2018,France,Rose,,,DRY,One of the most awarded producers in France made this exclusive pink just for Majestic customers. The result...A joyful burst of soft red-berry flavours and moreish crisp acidity the Mon Plaisir is the perfect accompaniment to sun-dappled patios.,7.99,,12.5,75.0,320.0,,no grapes could be parsed
La Perlière Beaujolais Villages 2018,France,Red,Fruity ,,LIGHT,Surprisingly full-bodied and rich for a Beaujolais Village this possesses intense flavours of blackcurrant and floral notes followed by a silky smooth finish,9.99,,13.0,75.0,323.0,,no grapes could be parsed
Emilio Moro 2016 Ribera del Duero,Spain,Red,Smooth ,,FULL,"Coming from a selection of vineyards between 15 and 25 years of age this wine spends 50% French and 50% American oak for 12 months prior to bottling. The Tempranillo clones are old and pure here, known as Tinto Fino. Real intensity on the palate, with layers of concentrated blackberry, toasted herbs, smoke and vanilla. Full-bodied and a long length, the remarkably integrated, ripe tannins give a firm structure. Enjoy now if you like modern interpretations of Tempranillo, or age over the following 6-8 years to soften the fruit and spices.",18.99,,14.0,75.0,324.0,,no grapes could be parsed
Les Frères Lumière Côtes du Rhône,France,Red,Smooth ,,LIGHT,"The Rhône Valley was the birthplace of Syrah, and the first wine producing region in France. However, did you know it was also the inspiration for cinema? The Lumière Brothers were pioneers of modern cinema; born in the Rhône Valley, they filmed some of the first moving pictures there. This blockbuster raspberry-and-pepper flavoured red is a homage to this special region that gave us both wine and cinema.",8.99,,13.5,75.0,328.0,,no grapes could be parsed
Chablis Louis Moreau,France,White,Crisp ,,DRY,"Made by the 6th generation of the Moreau familt this is a tangy, fresh and fruit driven Chablis with bold flavours of lemon and tangerine finished off with a hint of minerality. Fresh and fruit driven, this Chardonnay is well-rounded with a hint of acidity and minerality. Expect fresh green apples and a nutty complexity. This fine and fresh wine will pair beautifully with smoked salmon or a steamed cod.",16.99,IWC 2018 - Bronze Award,12.5,75.0,336.0,,no grapes could be parsed
Maranges 1er Cru Roussots 2017 Domaine Belland,France,Red,Fruity ,,MEDIUM,"""Lovely ripe raspberry and cherry fruit and showing all the balance of what is a truly remarkable Pinot vintage. Will drink almost immediately upon release but has freshness and lovely ripeness of tannin to keep for 6-8 or more years.",28.0,,13.0,75.0,337.0,,no grapes could be parsed
Rustenberg John X Merriman 2017 Stellenbosch,South Africa,Red,Big ,,FULL,"The name commemorates John Xavier Merriman (1841 - 1926), who purchased a farm in 1892 which later became Rustenberg Wines. He was the last Prime Minister of the Cape Colony before the formation of the Union of South Africa in 1910. Intense blackberry, blackcurrant, undertones of mint, spice and cigar box on the nose. On the palate are plenty of blackcurrant and cassis, fresh mint, subtle oak and soft tannins. This wine suits robust meat dishes, especially beef and lamb.",17.99,"Decanter 2019 - Silver Award, IWC 2018 - Silver Award, IWC 2017 - Silver Award",14.5,75.0,338.0,,no grapes could be parsed
Domaine Chatelain Chablis 2018,France,White,Crisp ,,DRY,From a family owned estate this is a traditionally styled Chablis with elegant citrus flavours and a lovely minerality. It is well balanced with a refreshing finish. This is a traditional style of Chablis with elegant citrus flavours and a lovely minerality. It is well balanced with a refreshing finish. Magnificent with shell fish or escargots.,17.99,,13.0,75.0,340.0,,no grapes could be parsed
"The Ned Rosé 2018 Waihopai River, Marlborough",,Rose,,,DRY,"The man behind our best-ever-selling white has done it again. Pinot Gris and Noir grapes are gently pressed to make an elegant, creamy and incredibly sippable rosé. The well-structured palate is pumping with strawberry, rapsberry and summer berries.",12.99,"IWC 2019 - Commended Award, Decanter 2018 - Bronze Award, IWC 2017 - Commended Award",13.0,75.0,342.0,,no grapes could be parsed
Cillar de Silos Crianza 2016 Ribera del Duero,Spain,Red,Smooth ,,MEDIUM,"Ribera del Duero is an important wine zone in Castilla y León, that is now challenging Rioja as the leading wine-producing region in Iberia. A continental climate, with a high diurnal temperature variation, helps to grow grapes of a very high quality. Rich and meaty on the palate, the wine shows intense aromas of strawberries, blackberries, chocolate and vanilla. Complex and concentrated with a subtle hint of spice. A really gutsy wine that would love being paired with roast suckling pig or braised lamb shank.",19.99,,14.5,75.0,345.0,,no grapes could be parsed
Dom Michaut Freres Chablis 1er Cru Vauligneau,,White,Crisp ,,DRY,This wine is all about finesse with elegant flavours of citrus and acacia flowers wrapped in a rounded mouth feel and followed by a fine mineral finish.,26.99,,12.5,75.0,346.0,,no grapes could be parsed
Porta 6 2015 Magnum,Portugal,Red,Smooth ,,MEDIUM,"Celebrity chef James Martin called Porta 6 'one of the nicest reds [he'd] tasted in 10 years on this show'. Following demand broke our website. We sold tens of thousands more than we had in the warehouse (sorry about that!). But now we've made sure there's plenty of this best-ever-selling red. And a magnum chock-full of warm, jammy forest-fruit flavours will make the ideal centrepiece on your table.",16.99,,13.5,150.0,350.0,,no grapes could be parsed
Lay & Wheeler Chablis 2017,France,White,Crisp ,,DRY,"""Lay and Wheeler, our sister company, have specially selected this Chablis from one of our favourite producers. It possesses all the classic elements of Chablis; fine apple and citrus flavours, complex mineral notes and a finely perfumed finish.",30.0,,13.0,75.0,356.0,,no grapes could be parsed
Château de Berne Rosé 2018 Côtes de Provence,France,Rose,,,DRY,"A stunning property and landmark of Provence, Château de Berne is a luxurious hotel and spa resort, located on an 18th-century wine estate and its historic cellars. This is their 'prestige cuvée' rosé in its iconic square bottle. An attractive and delicate honeysuckle pink wine with a lifted nose of summer fruits and tropical suggestions of mango. Intense, crisp, well balanced and refreshing on the palate. Drink as a summery apéritif, or with classic Provençale fish dishes, either lightly spiced or simply grilled.",14.99,,12.5,75.0,357.0,,no grapes could be parsed
Ramos Reserva 2017 Vinho Regional Alentejano,Portugal,Red,Smooth ,,MEDIUM,"João Portugal Ramos started planting his own vines in Alentejo in 1990, gradually increasing the vineyard area and developing the winery. Traditional foot-treading in marble lagares is still practised on the estate, alongside modern temperature-controlled fermentation. A robust ruby red wine, with dense aromas of red berries and pudding spice. Flavours on the palate are bright, thick and jammy, with fine-grained, well integrated tannins and good length. Enjoy with a roasted pork loin marinated in Mediterranean spices.",8.99,Decanter 2018 - Bronze Award,14.0,75.0,360.0,,no grapes could be parsed
Château Musar 1999 Gaston Hochar,Lebanon,Red,Big ,,FULL,"An exceptional vintage, 1999 produced a wine with plenty of power, richness and concentration, due to a relatively mild growing season which ended with a increased temperatures closer to harvest time. The wine is deeply coloured, dense and fleshy, with good fruit sweetness and plenty of smoky, chocolaty, spicy notes.",35.0,,14.0,75.0,364.0,,no grapes could be parsed
Château Clarke Listrac-Médoc 2010,,Red,Big ,,MEDIUM,"Ripe yet elegant and displaying bold flavours of blackcurrant, dark plums and cedar. Now at its peak this is fabulous value and ideal for drinking now.",35.0,,14.0,75.0,367.0,,no grapes could be parsed
Les Haut Vignes Cairanne 2017,France,Red,Big ,,FULL,"Cairanne is a village in the southern Rhone valley that makes wines in a similar style to CNDP. Indeed, the wines of Cairanne ofter represent far better value that the entry level wines of its more famous neighbour. Classic Rhone flavours of intense bramble, blackcurrant and plum with pungent sweet herbs and spice. Try this with rabbit stewed in wine with thyme.",13.99,,14.5,75.0,370.0,,no grapes could be parsed
Conte di Zanone Barolo,Italy,Red,Big ,,MEDIUM,"Barolo's 2014 vintage was exceptional. You're in for punchy flavours of cherry, raspberry, a dusting of rose petals, some well-integrated tannins and gallons of taste. Treat yourself to the king of Italian reds!",19.99,,13.5,75.0,371.0,,no grapes could be parsed
"Grüner Veltliner 2018 Weingärten Weissenkirchen, Wachau",Austria,White,Crisp ,,DRY,"The Wachau region of Austria comprises of a 33 kilometer long gorge overlooking the Danube river. Produced from vines grown around the Weissenkirchen parish including the hamlets of Joching and Wösendorf. Grüner Veltliner is an aromatic variety primarily from Austria. The colour of fresh straw, an alluring nose of gooseberries with a hint of green apple and flowers. Well balanced acidity and citrus fruits leading to a spicy, lively wine of minerality and elegance. Drinkable at any time over the next six years. An excellent accompaniment for prosciutto, seared scallops or bisques.",12.99,,12.5,75.0,373.0,,no grapes could be parsed
Amarone Classico 'Vigneti di Roccolo' 2016 Cantina Negrar,Italy,Red,Big ,,FULL,"When it comes to rich reds, nothing beats Amarone. It's the king of Italian wine for good reason. And with its colossal rich, black-fruit flavour, this is a prime example. Put your feet up. Pour a large glass. Relax. This is comfort in a bottle.",22.99,"IWC 2019 - Bronze Award, IWC 2017 - Bronze Award",15.0,75.0,378.0,,no grapes could be parsed
The Palm by Whispering Angel 2018,France,Rose,,,DRY,"Made by the same Provence Château, The Palm is the sister rosé to Whispering Angel. It's every crisp note of watermelon, summer berries and pink blossom that you'd expect from its sibling - but you can shave a few quid off the usual asking price.",18.99,,12.5,75.0,382.0,,no grapes could be parsed
"Vouvray Domaine des Aubuisières 2018 Cuvée de Perruches, Bernard Fouquet",France,White,Sweet ,,MEDIUM,"Bernard Fouquet has around 30ha of Chenin vines, planted across a range of soils, from limestone to flint. Each parcel is hand-picked and vinified separately, with fermentation taking place partly in oak barrels and partly in old glass-lined vats cut into the rock. A pure, well developed nose of fresh quince and pear. The palate is a swathe of ripe apple fruit, with a honeyed sweetness, balanced by Chenin's characteristic blade-like acidity and mineral grip. A superb aperitif wine which will also partner the delicate flavours of salmon en croute or cold cured meats.",12.99,,13.5,75.0,383.0,,no grapes could be parsed
Château Pigoudet La Chapelle Rosé 2017 Coteaux dAix-en-Provence,France,Rose,,,DRY,"Due to its excellent southern position, embedded in a picturesque valley close to the river Durance, Château Pigoudet benefits from sunshine all year round. The wine has been made using the saignée method. Super-light and the colour of bright pink petals, the nose boasts red apples and ripe cherries and flower petals. Fresh and citrussy, this aromatic rosé lingers on a beautiful mineral finish. Enjoy with Salade Niçoise.",12.99,"Decanter 2018 - Bronze Award, Decanter 2017 - Bronze Award",13.0,75.0,385.0,,no grapes could be parsed
Crozes-Hermitage 'Petite Ruche' 2017 M. Chapoutier,France,Red,Smooth ,,FULL,"Crozes-Hermitage is the largest appellation of the northern Rhône, and is known for making good value Syrah-based reds that echo the style of the famous Hermitage. No oak is used in this wine's production to maintain a vivid fruit character. Intense ruby-purple colour. Ripe blackberry aromas dominate the nose, and are supported by subtle sage-like hints. Supple tannins give a round shape to the medium-weight, smooth-textured palate. Enjoy with a well-seasoned pork belly casserole.",18.99,,13.0,75.0,388.0,,no grapes could be parsed
Mas Querido Field Blend 2018,Spain,White,Fruity ,,DRY,From a single plot of land planted with multiple varieties this wine is a unique expression of an individual terroir. Citrussy and bright with a fine fresh finish this shows why field blends are currently enjoying a world wide renaissance.,7.99,,13.0,75.0,389.0,,no grapes could be parsed
The King's Thorn Pinot Gris 2015 Marlborough,New Zealand,White,Fruity ,,DRY,"Something of a thorn in the side for some winemakers, Pinot Gris requires a very measured approach in order to achieve a balance of texture, sweetness, acidity and fruit character. This excellent example treads the fine line between the Alsatian and Italian styles. Delicately pink, indicating natural sun ripening. The nose is lifted and perfumed with honeysuckle and peach. A lightly unctuous and off-dry palate are lifted by acidity and a hint of natural spritz. Delicious on its own but a brilliantly versatile food wine to boot. Try with grilled prawns, white meats or creamy cheeses.",14.99,"IWC 2018 - Silver Award, Decanter 2018 - Silver Award, IWC 2017 - Silver Award",14.0,75.0,390.0,,no grapes could be parsed
Domaine Compostelle Pomerol 2012,,Red,Big ,,MEDIUM,,26.99,,13.0,75.0,391.0,,no grapes could be parsed
"As Caixas Godello 2018 Martín Códax, Monterrei",Spain,White,Crisp ,,DRY,"Grown throughout the north-west of Spain, in the past Godello has most often been used as a constituent for blends, but has gained increasing recognition as a quality varietal in its own right. A delicate yet multi-faceted nose of lemon, crunchy pear, melon and subtle floral notes marries with a palate of remarkable texture and a lengthy, citrus zest finish. Drink with grilled sardines or salt cod.",9.99,,13.0,75.0,395.0,,no grapes could be parsed
Gigondas Carobelle 2018,France,Red,Smooth ,,MEDIUM,"This beautiful Gigondas wine with great concentration and balance. An elegant nose of black fruit is followed by a remarkable palate of blackcurrant, thyme, liquorice and tobacco character",18.99,,15.5,75.0,397.0,,no grapes could be parsed
Chateau Bonalgue Pomerol 2014,,Red,Big ,,LIGHT,"It's a polished red, brimming with hints of jammy black fruits, tobacco, mocha and a decadent lick of vanilla. It also boasts silky tannins and a seemingly endless finish.",45.0,,13.5,75.0,400.0,,no grapes could be parsed
Verdicchio dei Castelli di Jesi 2018 Monte Schiavo,Italy,White,Crisp ,,DRY,"Monte Schiavo are a large cooperative group. The fruit is sourced from over 35 growers, and the quality is usually superb. Verdicchio is the signature wine from the Marche region on the Adriatic coast, and is one of the prime examples of a fresh, summery Italian white. An invigorating wine with great diversity of fruit, including lemon, pineapple and lime along with ripe apricot notes. The finish has an interesting bitter almond streak. This is the quintessential Italian white wine. Perfect as a party wine or for outdoor drinking (preferably in the sun).",9.99,,12.5,75.0,403.0,,no grapes could be parsed
Croft Reserve Tawny Port,Portugal,Dessert & Fortified,Port,,FULL,"Croft Reserve Tawny Porto is an exciting new concept in Port Wine, combining the rich character of an aged tawny with ready-to-drink smoothness and spice. Flavours of dried apricot and roasted almonds and walnuts fly out of the glass directly onto the palate. Blue veined cheeses make a fantastic suitor.",16.99,,20.0,75.0,405.0,,no grapes could be parsed
"Château Grimont Cuvée Prestige 2014/2015, Cadillac Côtes de Bordeaux.",,Red,Big ,,MEDIUM,"Made from selected parcels of grapes grown on clay/gravel soils this is a classic claret with flavours of blackcurrant, plum and cedar. Aged to perfection this is a treat you will not want to miss Made from selected parcels of grapes grown on clay/gravel soils this is a classic claret with flavours of blackcurrant, plum and cedar. Aged to perfection, this is a treat you will not want to miss. Try it with a warming beef ragu or herb encrusted slow roast lamb.",13.99,,15.0,75.0,412.0,,no grapes could be parsed
Château Musar 1998 Gaston Hochar,Lebanon,Red,Big ,,FULL,"""The 1998 Chateau Musar is a rather prototypical Musar - lots of acidity, some brett, fine structure. It reveals a more gentle style on opening, but aeration proves how much underlying power it actually has. (That is, a lot.) ... There is plenty of power, tannin and acidity, but there is also some balance. I loved the silky texture, emphasized in this vintage. It finishes with a controlled bang. This greatly benefitted from some air, showing layers that I did not initially think it had, but it does seem a bit on the lighter side. Drink now-2030"". 90 points. Mark Squires, The Wine Advocate.",37.0,,14.0,75.0,414.0,,no grapes could be parsed
Waimea Estate Gewürztraminer 2016/17 Nelson,New Zealand,White,Sweet ,,MEDIUM,"Nelson experiences long, sunny days and Waimea are one of the best producers here. In the early nineties, Trevor and Robyn Bolitho were growing apples on this estate and diversified into vines, with impressive results. An intense, tropical-fruit-laden wine, full of concentrated flavours of orange zest and lychee, embellished with floral notes on the nose and a delicate yet slightly unctuous texture. The off-dry apéritif style really emphasises the wine's fruitiness. A marvellous match for spicy foods such as Thai curry.",15.99,"IWC 2018 - Silver Award, Decanter 2018 - Silver Award",13.0,75.0,415.0,,no grapes could be parsed
"Albana Secco Campodora DOCG, Romagna",,White,Crisp ,,DRY,"Albana is a unique Italian grape variety, planted almost exclusively in the Emilia-Romagna region. The wine crafted from the grape was first awarded DOCG status in 1987 - a classification of the highest quality wines. Its roots date back far longer - with an impressive history that dates as far back as Roman times. Much-loved locally, and with a deep connection to its past, this is an elegant, expressive white for true wine enthusiasts. At first glance, Albana Secco Campodoro is an inviting deep golden in hue. On the nose, you can expect lush aromas of acacia flowers and ripe peach. Upon sipping, you'll be met with a luscious texture that carries a generous marriage of apricot, citrus and enchanting floral notes. It's a true charmer of a wine and will partner beautifully with rich risotto and fresh seafood.",11.99,,13.0,75.0,420.0,,no grapes could be parsed
Nord Est Vermentino 2017 Cantina del Vermentino,Italy,White,Crisp ,,DRY,"This wine comes from the hills of Northern Sardinia around the town on Monti. The vines are planted close together at and elevation of between 300 and 450m and surrounded by dry stone walls typical of the area. This is a light, refreshing and dry wine. Straw in colour with flavours of lemon and almond. With grilled fish and lighter meats such as chicken and pork.",11.99,,12.5,75.0,426.0,,no grapes could be parsed
Lay & Wheeler Brunello di Montalcino 2013,Italy,Red,Big ,,FULL,"Lay and Wheeler are experts in Italian wine and have found this wonderful Brunello that is just entering its peak drinking phase. It is bursting with flavourrs of ripe cherry, cassis, spice, leather and herbs. Bursting with flavours of ripe cherry, cassis, spice, leather and herbs. Cured and aged meats, or a chocker block cheese board!",32.0,,14.0,75.0,428.0,,no grapes could be parsed
Pouilly-Vinzelles 2017 Caves des Grand Crus Blancs,,White,Rich ,,DRY,"Expressive and typical of the region this abounds with flavours of peach, hazelnut, honey and toast.",19.99,,13.5,75.0,429.0,,no grapes could be parsed
Pinot Gris Grand Cru Spiegel 2017 Domaines Schlumberger,France,White,Sweet ,,MEDIUM,"Spiegel is known as one of the best sites in Alsace for Pinot Gris, and lies on an east-facing slope of sandy clay. Winemaking is subject to Schlumberger's legendary attention to detail, including hand-selection of the grapes, whole-bunch pressing and careful lees ageing. A wine of great texture and depth of flavour, this Pinot Gris is at once youthfully vibrant, harmonious and mature. The palate is full of ripe white fruit, with finely balanced sweetness and acidity. Drink with ripe soft cheeses or rich, creamy duck liver pâte.",17.99,,14.0,75.0,434.0,,no grapes could be parsed
"Saumur Rouge 2017, Domaine des Vignes Biches",France,Red,Fruity ,,LIGHT,"According to The Guardian's Victoria Moore, Cabernet Franc is ""under-valued"" from ""the top level"" to ""the supermarket shelf"". We totally agree. Saumur is perfectly suited to the production of light, juicy reds. It sits on 'tuffeau', a porous, sandy-yellow rock which underpins Loire's top vineyard areas. This imbues the wines with a delicate minerality, which is combined with a freshness from grapes grown in a moderate climate. This classic Saumur Rouge has floral and fruity aromas of violets, blackcurrant and summer pudding berries, tied together with herbal, peppery notes and a hint of pencil shavings.",11.99,,13.5,75.0,436.0,,no grapes could be parsed
Champ Libre Rose d'Anjou 2018,France,Rose,,,MEDIUM,"This pretty and delicate wine is an exceptional expression of Loire Valley rosé. With an abundance of red fruit flavours it make the perfect aperitif especially on a hot, sunny day.",8.99,,10.5,75.0,443.0,,no grapes could be parsed
Valpolicella Classico 2018 Cantina di Negrar,Italy,Red,Fruity ,,MEDIUM,"Produced east of Lake Garda in the western Veneto region of Verona, northeast Italy. Negrar's vineyards, sited at the heart of the 'Classico' or traditional producing area, are planted with Corvina, Rondinella and Molinara grape varieties. Juicy red berries and red fruit aromas explode from the glass accompanied by summer berries, exotic spices and a hint of earth. Seductive, smooth yet full body lingers on the palate with a velvety finish. Enjoyed with pasta, salumi, soft and semi-soft cheese, grilled meats and olives. Enjoyable now or over the next three years.",11.99,,13.0,75.0,444.0,,no grapes could be parsed
Croft 10 Year Old Tawny Port,Portugal,Dessert & Fortified,Port,,FULL,"The 10 Year Old Tawny is drawn from a reserve of fine wood ports which have been aged to full maturity in seasoned oak casks, each holding about 630 litres of wine. The individual wines are then blended to guarantee consistency of quality and house style.",24.99,,20.0,75.0,445.0,,no grapes could be parsed
Dolcetto dAlba 2018 De Forville,Italy,Red,Fruity ,,MEDIUM,"One of the lesser-known grapes of Piedmont, Dolcetto usually produces soft, fruity and early maturing wines. The best come from around Alba, as does this one from De Forville, a family that has been making wine in Piedmont since the 1860's. A clear and bright ruby in colour, with an expressive nose of youthful fruits. Rich, dark cherries and liquorice on the palate and a fresh finish. Enjoy with cold cuts or cured meats, pizza, or on its own.",12.99,,14.0,75.0,447.0,,no grapes could be parsed
Pouilly-Fumé 2018 Ladoucette,France,White,Fruity ,,DRY,"At Château du Nozet, Baron Ladoucette follows a family tradition producing some of the best Loire wines available. Superb Pouilly-Fumé with pungent elder-tinged fruit and a smoky, steely finish.",35.0,,12.5,75.0,450.0,,no grapes could be parsed
Les Jamelles Pinot Gris 2018,France,White,Fruity ,,DRY,The Languedoc is gaining a reputation for breaking tradition and producing exciting wines.This Pinot Gris is aromatic and lively with riichly oppulent flavours of lychee and lemon balanced by a streak of minerality.,11.99,,13.0,75.0,451.0,,no grapes could be parsed
Chateaux Marsac Seguineau Margaux 2015,,Red,Big ,,LIGHT,From the stellar 2015 vintage and just hitting its stride this is rich and indulgent with bright fruit flavours of cherry and blackcurrant enhanced by notes of cedar and vanilla,26.0,,14.0,75.0,456.0,,no grapes could be parsed
Falanghina 2018 Terredora,Italy,White,Fruity ,,DRY,"One of Italy's great unsung white wines. 3 months' lees ageing before bottling imbues the wine with added depth and texture, but no oak is used, so the wine retains a light and fruit-driven character. A brilliant all-rounder, with plenty of citrussy fruit and faint notes of apple and quince, with the merest hint of nutty complexity. The balance of crispness and texture means this accompanies a huge range of foods, from roasted vegetables to fish and poultry.",13.99,,13.5,75.0,462.0,,no grapes could be parsed
Excellence Ormarine Picpoul 2017,France,White,Fruity ,,DRY,"Picpoul is one of our favourite whites, crisp and elegant with bright citrus flavours and floral notes. This wine from old vines is simply one of the best we have ever tried. It is all of the above with added richness and complexity.",12.99,,13.0,75.0,463.0,,no grapes could be parsed
"Saint-Émilion Grand Cru 2015, Château Bíard La Chapelle",,Red,Big ,,LIGHT,,24.99,,14.0,75.0,466.0,,no grapes could be parsed
Bodega Volcanes Carménère 2018,Chile,Red,Big ,,FULL,"Bodegas Volcanes de Chile is a new winery, founded in 2009, that focuses on making wines on Chile's volcanic soils (there are nearly 3,000 volcanoes in Chile) and that truly represent their unique volcanic landscape. This abundantly fruity expression of Carmenere possesses dark fruit flavours heightened by rich notes of chocolate and subtler notes of spice, herbs and olives. This is an ideal wine to go with meaty stews or toad in the hole.",11.99,,13.5,75.0,469.0,,no grapes could be parsed
Royal Tokaji Dry Tokaji 2015/16,Hungary,White,Crisp ,,DRY,Royal Tokaji was founded in 1990 with the aim of restoring the international reputation of the wines of Tokaji and has been named as on of the worlds top 100 wineries by the prestigious Wine & Spirits magazine. This is a wine that is in perfect balance with fine green fruit and herbal flavours complimented by a touch of oak. The finish is long and complex with a crisp cleansing acidity. This makes a great aperitif but will also compliment seafood and white meats.,12.99,,13.0,75.0,470.0,,no grapes could be parsed
"Flavabom White Field Blend, 2017",Australia,White,Rich ,,DRY,"As you'd expect from a blend of this type - this is a real cocktail of flavour! Expect toasted bread, pineapple and peach flavours all tied together by creaminess from French oak.",11.99,,13.0,75.0,472.0,,no grapes could be parsed
Rustenberg Straw Wine 2018 Coastal Region,South Africa,Dessert & Fortified,,,SWEET,"This wine is so named because it is made in the 'passito' method, where the harvested grapes are laid out on straw mats and allowed to dry for around 4 weeks, concentrating the sugars. They are then pressed for 4-5 hours and racked to barrel for fermentation. Concentrated aromas of honey, marmalade and ripe peach. Intensely sweet yet vibrantly fruity and involvingly complex. A voluptuously textured palate with plenty of length. Partner with tarte tatin or a fruity sponge pudding.",11.99,"Decanter 2019 - Bronze Award, IWC 2018 - Bronze Award",10.0,37.5,474.0,,no grapes could be parsed
"Vavasour Pinot Gris, 2018",New Zealand,White,Fruity ,,DRY,"Refined hints of green apple, pear and rich ginger meet a refreshing minerality. With a long, soaking finish, it's the ideal partner for Asian dishes.",13.99,,13.5,75.0,475.0,,no grapes could be parsed
Ammazza Montepulciano 2016,,Red,Fruity ,,LIGHT,"""Ammazza translates as wow and that is what this wine does with its heady cherry flavours and extra body. This is a modern take on traditional Italian reds - bold, characterful and full of flavour."" Ammazza translates as wow and that is what this wine does with its heady cherry flavours and extra body. This is a modern take on traditional Italian reds - bold, characterful and full of flavour. Great to drink on its own, but a secret to drinking Italian ... it's all about the food. Try with your mid-week pizza, or any other tomato based dishes.",9.99,,13.0,75.0,478.0,,no grapes could be parsed
Cote Des Roses Rosé 2018,France,Rose,,,DRY,"Soft, pale and delicate this stunning rosé from Gerard Bertrand teems with flavours of summer fruits with touches of cassis and redcurrant. The finish is stylish and floral. Delicious.",12.99,IWC 2018 - Commended Award,13.0,75.0,481.0,,no grapes could be parsed
Domaine Pardon Julienas 2018,France,Red,Fruity ,,MEDIUM,"From a Cru in the south of Beaujolais this is a silky wine ripe with flavours of cherry, plum and spice. The holder of numerous awards the Pardon family have been making wine in Julienas for over 200 years.",12.99,IWC 2018 - Commended Award,13.5,75.0,483.0,,no grapes could be parsed
Ponte de Lima Loureiro Vinho Verde 2018,Portugal,White,Crisp ,,PORTUGAL,,10.99,,12.0,,485.0,,no grapes could be parsed
Côtes du Rhône Réserve Rouge 2017 Perrin et Fils,France,Red,Smooth ,,FULL,"Produced from the legendary Perrin family vineyards at Grand Prébois and Vinsobres. An uncompromising work ethic in the vineyard and the utmost respect for fruit characteristic result in particularly expressive wines that allow the terrior to shine. Intense aromas of red fruits, black cherry, peppermint and vanilla. Full bodied with warm fruits and spices, firm tannins and fresh acidity. Well structured with layers of flavour and rich, long finish. Complements all meats, ripe cheese and grilled vegetables liberally drizzled in oil. Enjoy over the next four years.",12.99,,13.5,75.0,490.0,,no grapes could be parsed
Domaine Francois Millet Sancerre,,White,Fruity ,,DRY,"From vineyards around the village of Bue the domaine's wines reflect the chalky and limestone soils with fresh citrus and apple flavours, fine acidity and a bracing mineral streak.",18.99,,13.0,75.0,492.0,,no grapes could be parsed
Viñalba Selección Torrontés 2018 Lujan de Cuyo,Argentina,White,Fruity ,,DRY,"The aromatic Torrontes grape is a distant relation of Muscat, and has become Argentina's signature white variety, as it produces bright and perfumed white wines in the sunny yet cool high-altitude vineyards of Argentina. Bursting with ripeness, the nose is a cascade of tropical fruit and blossom aromas. Lively flavours of white peach, melon, pear and pineapple provide a refreshing and involving palate sensation. Best served with mild Thai curries or dressed prawn salads.",9.99,,13.0,75.0,493.0,,no grapes could be parsed
Lay & Wheeler Barolo 2014,Italy,Red,Big ,,FULL,"Lay and Wheeler, our sister company,are extremely knowledgeable about arguably the finest Italian red wine, Barolo. The have put all this knowledge to good use to source this fabulous example that is stuffed with bright cherry flavours and lifted floral notes.",30.0,,14.5,75.0,494.0,,no grapes could be parsed
Jaboulet Chateauneuf-du-pape Les Cedres,France,Red,Smooth ,,MEDIUM,Full-bodied and rich this cuvee from one of the best Rhone producers starts with impressive dark cherry flavours that are followed by notes of black olive and coffee.,29.99,,14.5,75.0,496.0,,no grapes could be parsed
Falcoaria Branco DOC Tejo,,White,Crisp ,,DRY,Fresh and vibrant with bright acidity and fine apple and citrus flavours this is a perfect wine to sip as we move into Spring.,11.99,,13.0,75.0,498.0,,no grapes could be parsed
La Font Reserva 2013 Valencia,Spain,Red,Smooth ,,MEDIUM,Terres del Alforins is located in the south west of the province of Valencia and is know as the 'Valencian Tuscany' The fertile valley has a multitude of small vineyards grown on trained in the traditional bush vines. Red berry aromas and flavours are followed by elegant toast from the oak ageing. Well balanced and harmonious the finish is long and velvety. With grilled lamb with thyme or rosemary.,6.99,,13.5,75.0,502.0,,no grapes could be parsed
Fleurie Lafayette 2018,France,Red,Fruity ,,MEDIUM,From arguably the most famous Beaujolais Cru the 2016 is a stunning wine. The hot summer has added richness and concentration to he bright flavours of cherry and violet.,13.99,,13.0,75.0,504.0,,no grapes could be parsed
Barbaresco 2016 De Forville,Italy,Red,Big ,,FULL,"Nebbiolo takes it name from 'nebbia', the fog cloaking the hills of Piedmont around harvest time. The village of Barbaresco lies only a little to the north-east of Barolo in Piedmont and produces wines of a similar style and quality. A big, elegant wine of pale colour. Dark cherries and leather with earthy hints, and a rose perfume, a charming, well integrated wine with a long finish. Muscular tannins give the wine a solid backbone. Try this with a fillet steak with mushrooms. The wine will nicely echo the earthy notes of the mushrooms.",17.99,,14.0,75.0,506.0,,no grapes could be parsed
Ebner Ebenauer Grüner Veltliner,Austria,White,Crisp ,,DRY,"The duo's estate is made up of a high proportion of old vines, many over seventy years old. These gnarled vineyards are labour intensive and can only be picked by hand. However, with fifteen hectares spread around the small town of Poysdorf, in Austria's Weinviertel region - they make the most of the region's varied soils. The result is pure, elegant and expressive Grüner. Last year Jancis Robinson praised this wine for ""great precision"" and a ""rich, jellied nose"". This year is set to be just as good. It's a taut, lively bolt of green apple and white-pepper-flavour refreshment with stony minerality and lip-smacking acidity.",14.99,,12.5,75.0,513.0,,no grapes could be parsed
Saluti Bianco,Italy,White,Crisp ,,DRY,,6.99,,11.5,75.0,517.0,,no grapes could be parsed
Majestic Loves Rose 2018,Italy,Rose,,,DRY,Our mission was to find the best tasting wines at £5.99. So we blind tasted 500 wines and chose the best irrespective of grape variety or country. Crisp and thirst quenching with exuberant red berry flavours that are best enjoyed ice cold.,6.99,,12.0,75.0,518.0,,no grapes could be parsed
Château Lynch Moussas 2011,,Red,Big ,,MEDIUM,"""This Pauillac has good weight and fine balance with the thread of acidity nicely entwined through that blackberry and touch of pain grille. This is a bold Pauillac"" 90-92 points Neal Martin - The Wine Advocate",49.99,,13.0,75.0,520.0,,no grapes could be parsed
Château La Rame 2016 Ste-Croix-du-Mont Half Bottle,France,Dessert & Fortified,,,SWEET,"Château La Rame is one of the oldest properties in the Sainte Croix du Mont appellation, where the influence of the river encourages botrytis or noble rot. A blend of 75% Sémillon and 25% Sauvignon Blanc. Aged in one-third new oak barrels for two years. A golden hued wine exudes aromas of ripe stone fruits, candied summer fruits and honey. Luxurious sweetness and spicy vanillin characters layer and coat the palate before a clean and fresh finish. Sweet wines can age for as long as you can resist them, a perfect match for Crème Brûlée or blue cheese.",14.99,,13.5,50.0,521.0,,no grapes could be parsed
"Château Montviel 2012, Pomerol",France,Red,Big ,,FRANCE,"Decanters Steven Spurrier said Pomerol undoubtedly looks like being one of if not the major success in 2012. Its warmer soils meant Merlot grapes were given a lengthy ripening period and were picked before the October heavy rain. The result was the most expressive, ripe and balanced claret from the year. So its no surprise that the worlds most famous wine critic backed this 2012 vintage as one of the estates best EVER. Decanters Steven Spurrier said Pomerol undoubtedly looks like being one of if not the major success in 2012. Its warmer soils meant Merlot grapes were given a lengthy ripening period and were picked before the October heavy rain. The result was the most expressive, ripe and balanced claret from the year. So its no surprise that the worlds most famous wine critic backed this 2012 vintage as one of the estates best EVER.",35.99,,14.0,,523.0,,no grapes could be parsed
Chianti Poggio Galiga 2016 Grati,Italy,Red,Big ,,MEDIUM,"The Grati family have been producing wine and olive oil for 6 generations. Their estate is located in the DOCG of Rufina, a zone identified as one of Tuscany's finest. This wine is made from 90% Sangiovese, blended with two other traditional Tuscan varieties. A lively ruby colour, this is a classic Chianti offering a nose of cherry-like fruit and subtle floral hints and a dry, harmonious palate combining lipsmacking acidity and fine tannins. At its best enjoyed with platter of mixed antipasti.",9.99,,12.5,75.0,524.0,,no grapes could be parsed
Vinhos do Silvado Branco 2018,Portugal,White,Crisp ,,DRY,Portuguese wine has been improving for years and offer great alternatives to popular Spanish and Italian wines. This is easy drinking and approachable with flavours of crisp apple and pear.,7.99,,12.0,75.0,525.0,,no grapes could be parsed
Arc de Pedra Priorat 2016,,Red,Smooth ,,FULL,"Based in Catalonia, top Co-operative Cellers Unió has a winemaking heritage that stretches back over 70 years, and today own 12,000 hectares of land and a hugely impressive winery which can hold up to 15,000 barrels for ageing and storage. This wine is made using hand-picked Grenache and Carignan grapes grown on the mountainside vineyards of Priorat. Deep cherry red in colour with purple hints, it has a nose of black fruits, vanilla and toasted almonds. The palate is round and rich, with great concentration and a long finish.",14.99,Decanter 2018 - Bronze Award,14.0,75.0,526.0,,no grapes could be parsed
Kangarilla Road Primitivo 2016,Australia,Red,Big ,,FULL,"Primitivo, while not readily associated with Australia, is clearly benefitting from a New World residence. Exuberant flavours of fruit cake, stewed rhubarb and scents of wild herbs - a wine not to miss!",13.99,,14.5,75.0,528.0,,no grapes could be parsed
"Chateau Damase, 2005 Bordeaux Superieur",France,Red,Big ,,LIGHT,,12.99,,13.0,75.0,529.0,,no grapes could be parsed
"Le Relais du Roi 2018, Vinsobres",,Red,Smooth ,,MEDIUM,"Full-bodied juicy Grenache predominates, balanced with Syrah for freshness and perfume. On the nose there is expressive black fruit and jam. In the mouth there is an explosion of flavour, red fruit ripe, soft tannins and a lasting finesse.",12.99,,15.0,75.0,530.0,,no grapes could be parsed
"Château Guiot Rosé 2018 Costières de Nîmes, France",France,Rose,,,DRY,"From the Nîmes region at the foot of the Rhône appellation, Grenache, Syrah and Cinsault are grown on the unique rolling pebbles, or 'gress' of Château Guiot. The colour is obtained by keeping the skins in contact with the juice before fermentation. Perfume, red berries, spice, summer berries and blossom aromas with an off-dry, medium weight of fruit, clean and mineral acidity and a vibrant sweet redcurrant finish. A wine that will bring sunshine to the cloudiest day, best enjoyed young. An apéritif or partner to tortellini with rabbit ragout.",8.99,,13.5,75.0,531.0,,no grapes could be parsed
"Château du Grand Chambellan, Lalande-de-Pomerol, 2012",,Big Red,,,"Château du Grand Chambellan is a deep and inviting purple in hue, mirrored in its decadent palate of black-fruit, sweet spice and gentle aromas of mocha.",22.99,19.99,,13.5,,533.0,,no grapes could be parsed
Woods Crampton Sleeping Dogs,,Red,Big ,,MEDIUM,"Delightfully complex and utterly enchanting - this is a remarkable example of richness balanced with floral character. With amples of dark fruit flavour, sophisticated earthiness and flecks of spice",17.99,,14.5,75.0,535.0,,no grapes could be parsed
Chateau Vitalis Pouilly Fuisse,,Rich White,,,"In their efforts to maintain the quality of their wines while allowing the land to express its natural qualities, Messrs. DUTRON combine their traditional know-how with state-of-the-art technologies in both the vineyards and the cellars (thermo-regulated vats, air-conditioned cellar and stock room, a bottling facility, constant ground cover between the vines). The numerous medals they have been awarded over the years are proof of their expertise. The nose is very open, it expresses itself on notes of hawthorn and acacia flowe, citrus fruits and a slight spicy touch. The attack on the palate is fresh, slightly acidic, it rises gradually towards a feeling of roundness, the note of candied citrus is present. The final is both mineral and zest. This wine really shines alongside white meat and fish with richer sauces.",24.99,21.99,,13.5,,541.0,,no grapes could be parsed
Three Choirs Stonebrook 2018,UK,White,Crisp ,,DRY,"Soft, fruity and aromatic with expressive hints of lychee and grapefruit this delicate and refreshing English wine makes an ideal accompaniment to lightly spiced dishes. Lots of floral orange blossom, rose and elderflower, supported by some zingy grapefruit and lime with softer peach and lychee tones. There is a touch of white pepper, and this wine is ever so slightly off-dry. Matches nicely with a",11.99,,11.0,75.0,542.0,,no grapes could be parsed
Cien Y Pico Knight's Errant Garnacha,,Red,Smooth ,,MEDIUM,"Master of Wine Julia Harding said: ""It is very deeply coloured, like crushed elderberries, and has an amazing aromatic range from dark fruit, cocoa powder, charred potato skins and wild herbs"".",15.99,,14.5,75.0,543.0,,no grapes could be parsed
Vinhas Do Silvado Tinto,Portugal,Red,Fruity ,,MEDIUM,"Portuguese red wine is becoming ever more popular for it bright, rich fruit flavours and exceptional value. This fab wine has plum, cherry and bramble flavours in abundance!",7.99,,12.5,75.0,544.0,,no grapes could be parsed
Castelnau de Suduiraut 2011 Sauternes Half Bottle,France,Dessert & Fortified,,,SWEET,"This is the second wine of Château Suduiraut, a premier Cru Classé Sauternes whose vines border those of Château d'Yquem. Crafted after stringent grape selection, this is a well-made and elegant wine. With seductive aromas of fragrant orange blossom, spices and fudge. The smooth initial taste develops into soft sweetness on the palate backed by the delicate aromas that are found on the nose. Savour these great value half bottles as a partner to traditional smooth duck liver terrine or alternatively just enjoy it on its own.",14.99,,13.5,37.5,547.0,,no grapes could be parsed
Pergolas Old Vines Reserva,,Red,Smooth ,,MEDIUM,Gracefully aged and bearing mature plum and spice aromas - delivered through supple tannins. Enjoy alongside indulgent meat dishes for a taste of gastronomic delight!,10.99,,13.0,75.0,555.0,,no grapes could be parsed
Soave Classico 2018 Inama,Italy,White,Crisp ,,OFF DRY,"The Inama estate was founded in 1960. Their Classico wine is made from Garganega grown on 17 hectares of basaltic lava. The vines are up to 30 years old and are hand-harvested. Stainless steel fermentation is followed by up to eight months' maturation before bottling. From lower yields and the best slopes in the region this wine is generous, revealing apricots, honey, flowers and almonds. Generous acidity and a rich texture enforce the elegant finish this wine has. Drinking now but will be fine with another couple of years' ageing. The creamy finish lends itself perfectly to a match with fish pie.",15.99,IWC 2017 - Bronze Award,12.0,75.0,557.0,,no grapes could be parsed
Chateau La Tour L'Aspic,,Red,Big ,,LIGHT,"Taken from 'younger' vines than its £45-per-bottle big brother, Château Haut-Batailley, Tour L'Aspic is the estate's second wine - but you can hardly tell. It's a heady bouquet of black fruits, pepper and winter spices.",30.0,,13.0,75.0,572.0,,no grapes could be parsed
"Contrade Bellusa Nerello, Sicily",Italy,Red,Big ,,LIGHT,"In the sandy soils of western Sicily we produce Nerello Mascalese, a typical red wine with a characteristic red color tending to garnet. Intense aroma with hints of wild berries and spicy notes. On the palate the wine is elegance, good structure and excellent harmony.",11.99,,13.5,75.0,576.0,,no grapes could be parsed
Barone Montalto Vermentino,,White,Crisp ,,DRY,"Dry, fresh, fruit with pleasant a slightly bitter green after.",12.99,,12.0,75.0,579.0,,no grapes could be parsed
Bastide St Antoine Rosé,France,Rose,,,DRY,"Bastide Saint Antoine Rosé hails from the coastal southeastern French area of Saint-Maximin which neighbours acclaimed Provence. It's only a stone's throw away - a true hidden gem! And, because it doesn't have 'Provence' on the label you can secure excellent rosé at fantastic prices. It's so good, in fact, there are only a handful of this parcel up for grabs! Grenache is the dominant grape in Bastide Saint Antoine Rosé - owing to a sense of body, fruit-forward character and bright freshness. The palate displays ripe red berry notes and gentle hints of spice. Witness guests' delight with this as your summer party apéritif or partner with a sprawling Mediterannean spread.",10.99,,12.5,75.0,580.0,,no grapes could be parsed
Château Margerots Bordeaux Supérieur,,Red,Big ,,LIGHT,"This superb ""Petit"" Chateau is an excellent example of just how good an entry level Claret can be. Combining modern and traditional winemaking techniques, this wine is elegant,and smooth with plenty of succulent ripe black fruit flavours.",10.99,,13.0,75.0,581.0,,no grapes could be parsed
Barolo 2013 Natale Verga,Italy,Red,Big ,,FULL,"Natale Verga is the fourth-generation owner of the Verga family estate which was founded in 1895. This wine comes from grapes sourced from an 11-hectare estate owned by the Gomba family, and has been matured for 24 months in French oak casks. An inviting garnet colour, this wine offers a blackberry bouquet, accented with persistent notes of rose petal and subtle wood smoke. A warming palate with undertones of spice and graphite. A classic match for osso bucco or other slow-cooked beef dishes.",22.99,IWC 2018 - Bronze Award,14.0,75.0,587.0,,no grapes could be parsed
Château Livran 2013,France,Red,Big ,,MEDIUM,"The 2009 Livran sold out in three hours. The 2010 took just an afternoon. And this 2013 certainly doesn't disappoint. With a heartier serving of Merlot than its predecessors, this boasts fine tannins that balance flavours of blackcurrant, mulberry and regal spices.",14.99,,13.0,75.0,588.0,,no grapes could be parsed
Duc de Belmont Côteaux Bourguignons 2018 Loron et Fils,France,Red,Fruity ,,LIGHT,"Côteaux Bourguignons is a modern appellation established in 2011, covering both red and white wines sourced anywhere in the 'Burgundy Hills' but falling outside of the classic appellations, from around Chablis in the north to Beaujolais in the south. A light-to-medium-bodied red wine, crammed with vivid flavours of ripe redcurrant, blackberry and raspberry, all framed by rounded tannins and gentle perfumed notes. Ideal foil for simple grilled meat dishes.",12.49,IWC 2017 - Bronze Award,13.0,75.0,589.0,,no grapes could be parsed
Croft LBV 2011 Port,Portugal,Dessert & Fortified,Port,,FULL,Croft LBV was developed to satisfy the demand for a high quality ready to drink alternative to vintage port for everyday consumption. Full bodied and bursting with ripe blackcurrant flavours.,15.99,,20.0,75.0,590.0,,no grapes could be parsed
"Star Mountain, Portugal",,Red,Big ,,MEDIUM,,8.99,,13.5,75.0,598.0,,no grapes could be parsed
Trebuchet Red 2018 Western Cape,South Africa,Red,Fruity ,,FULL,"This Bordeaux blend comes from the Gabb family's vineyards, and has been named to commemorate the installation of a working Shropshire-built trebuchet at the estate, to serve as a showpiece and as the centre of fundraising activities for local causes. Deep garnet-purple colour, offering flavours of ripe blackberries and plums, accompanied by earthy undertones. Firm tannins provide ample weight and structure, smoothed by gentle oak. Great with a flavoursome rib steak.",8.99,,14.0,75.0,599.0,,no grapes could be parsed
Marques Tertiaro Gran Reservado 2011,Spain,Red,Smooth ,,FULL,"This blend of Tempranillo and Grenache comes from Cariñena, which lies just south of Rioja. This fabulous wine provides wines of similar quality to its more famous neighbour at a fraction of the price. Now drinking at its peak this has loads of rich dark fruit with hints of spice and leather.",8.99,,13.5,75.0,600.0,,no grapes could be parsed
Chablis Grand Acacia J. Moreau & Fils,,White,Crisp ,,DRY,"Founded in 1814, J Moreau et fils make the most of the unique terroir in Chablis to produce elegant wines of balance and complexity. Delightfully fragrant lemony aroma; crisp and fresh with a smooth creamy finish - this could be described as Zingy Stardust! Great with lighter chicken dishes, although I've found this is perfect with a slap-up lunch of cheese, charcuterie and salad from the local deli.",19.99,,12.5,75.0,601.0,,no grapes could be parsed
"Purato 'Siccari' Appassimento 2018, Sicily",Italy,Red,Big ,,ITALY,"Found close to the Mediterranean, Puratos vineyards benefit from cooling sea breezes. The estates soil consists of red, sandy loam (terra rossa), the same soils that give the Nero Oro its complexity. Siccari has a rich and complex structure, with very soft berry fruit notes reminiscent of plum, dark cherry and blackcurrant. Incredibly characterful, it has layer upon layer of intense and diverse fruit flavours, hints of vanilla spice and a very long finish.",9.99,,13.5,,602.0,,no grapes could be parsed
"Château Malagar, 2010",France,Red,Big ,,LIGHT,,13.49,,13.0,75.0,605.0,,no grapes could be parsed
"Torresilo 2016 Cillar de Silos, Ribera del Duero",Spain,Red,Smooth ,,FULL,"Family run, Torresilo is a powerful old-vine Tempranillo from Ribera's finest vineyard plots, from cult producer Cillar de Silos. The superb 2011 vintage is renowned for huge power. Fantastically rich, ripe dark berries with damson plums with subtle notes of spice, nutmeg and mocha. Stunning balance and ripe tannins give a long, smooth, finish. A real gutsy wine that would love being paired with roast suckling pig, braised lamb shank or venison.",36.99,,14.5,75.0,606.0,,no grapes could be parsed
Rey Noble Graciano Navarra 2016,,Red,Smooth ,,MEDIUM,,11.99,,13.5,75.0,608.0,,no grapes could be parsed
Pecorino Terre di Chieti,,White,Crisp ,,DRY,Delicately fragrant this delightful Italian white displays floral scents with balsamic hits of sage followed by flavours of tropical fruits and a clean mineral finish.,9.99,,13.0,75.0,609.0,,no grapes could be parsed
Errazuriz Estate Series Carmenère 2016 Aconcagua Valley,Chile,Red,Big ,,MEDIUM,"Sourced from our vineyards in the Valle de Aconcagua. This region features a Mediterranean climate. From hand picked grapes, fermented in stainless steel and aged in French and American oak barrels. On the palate, this medium-bodied wine is structured by big, mouth-filling tannins. Spicy notes linger on the palate, with hints of dark chocolate and coffee, through the long, pleasant finish. Enjoy with a perfectly grilled rib eye steak.",9.99,"IWC 2018 - Commended Award, IWC 2017 - Commended Award",13.5,75.0,610.0,,no grapes could be parsed
Château La Sauvageonne Rosé 2018 Côteaux du Languedoc,France,Rose,,,OFF DRY,"La Sauvageonne is a legendary estate located in the north of Hérault. For a hot region it enjoys a unique micro-climate with remarkably cool nights, allowing slow grape ripening. A small proportion of this rosé has been barrel-aged for added texture and complexity. An involvingly aromatic rosé with a nose of redcurrant and blackcurrant fruit, subtle hints of violet and rose petal, and undertones of vanilla and gingerbread. Soft and velvety smooth mouth-feel. Serve lightly chilled with charcuterie, pâtés and other hors d'ouvres.",16.99,,14.0,75.0,611.0,,no grapes could be parsed
Far del Sud Garnacha Blanca 2017 DO Terra Alta,,Crisp White,,,"Thanks to the unique conditions of Terra Alta, the yields of grapes are low - meaning that the grapes that reach full ripeness are particularly lush in flavour. Each grape is hand-harvested to ensure that only the very best are selected. Later in Far del Sud's process, it's aged on lees to imbue the wine with a charming hint of creaminess. A joyful palate of green apple, ripe pear and citrus with a revitalising undertone of fresh herbs delivered through a textured mouthfeel. Partner with soft, creamy cheeses and lightly-spiced white fish dishes for optimal dining enjoyment.",10.99,8.99,,14.0,,613.0,,no grapes could be parsed
Logeril Gris de Garille Rosé,,Rose,,,DRY,"Vibrant and lively, with distinctly stylish minerality. Red berry flavours dominate the palate followed by hints of aniseed. Fresh acidity results in a crisp, crunchy and zesty delicate finish.",10.99,,13.0,75.0,614.0,,no grapes could be parsed
De Bortoli 1628 Durif,,Red,Big ,,MEDIUM,"Lashings of blackberry and plum pulse through a backbone of chocolate, vanilla and a hint of spice. Well-integrated tannins frame a palate that builds flavour with every sip. Lashings of blackberry and plum pulse through a backbone of chocolate, vanilla and a hint of spice. Well-integrated tannins frame a palate that builds flavour with every sip. This is a fantastic barbecue wine, and can also be enjoyed with any casseroles or stews.",10.99,,14.5,75.0,617.0,,no grapes could be parsed
Kuhlmann-Platz Pinot Blanc 2018 Cave de Hunawihr,France,White,Rich ,,OFF DRY,"Cave Vinicole de Hunawihr was the first cooperative in Alsace and the third in France as a whole. The winery was built in the 1950s by the founding vignerons, who tended their vines by day and worked on the building by night, creating a winery that is still in use today. One of the more delicate expressions of Alsatian winemaking, this Pinot Blanc is a restrained and subtle mix of apricot and yellow plum fruit, with a hint of citrus and floral notes. Will bring to life all simple poultry and fresh fish dishes.",11.99,,13.0,75.0,620.0,,no grapes could be parsed
Domaine Reverdon Brouilly 2018,France,Red,Fruity ,,LIGHT,"The grapes grown on the granite slopes of Mont Brouilly produce well rounded and fruity wines that are tend to be more structured and tannic than their neighbours and often have more complex earthy and mineral notes. This light bodied red has vibrant flavours of strawberry, cherry and redcurrant. It is soft and rounded with a delicate, fresh finish. This is the perfect match for charcuterie.",13.99,,13.0,75.0,622.0,,no grapes could be parsed
Jacques Rouzé Chateaumeillant 2016,,Red,Fruity ,,LIGHT,"Raspberry, redcurrant and red cherry characters form the backbone of this wine, while hints of pepper and graphite add a touch of savoury complexity.",15.99,,13.5,75.0,623.0,,no grapes could be parsed
Blue Blanc Thau Piquepoul Blend,,Fruity White,,,"The grapes squeezed to craft this Picpoul blend are surrounded by the cooling Thau lagoon. They soak in sun over a luxuriously long ripening period, filling plump with juice. Punchy tropical-fruit flavours combine with a crisp minerality and a scattering of herbs. It's a lip-smackingly refreshing white.",9.99,7.99,,12.5,,626.0,,no grapes could be parsed
Definition Côtes Du Rhône Magnum 2017,France,Red,Smooth ,,FULL,"The Definition range captures the quintessential qualities of the world's greatest wine styles. The delicious Rhône-blend trio - Grenache, Syrah, Mourvèdre - crafts reds with no-holds-barred levels of taste. But it takes a delight to stand out from the crowd. This is created by a name that echoes around the Valley. It emits countless notes of bramble, garrigue herbs and a hint of pepper.",19.99,,13.5,150.0,631.0,,no grapes could be parsed
Domaine de Saint-Guirons Pauillac,France,Red,Big ,,LIGHT,"Domaine de Saint-Guirons belongs to Francois-Xavier Borie, proprietor of Château Grand-Puy Lacoste. Classified as a 5th growth, Château Grand-Puy Lacoste is widely recognized as one of the greatest wines of Pauillac. The grapes for Domaine Saint-Guirons are a selection from the Puy Lacoste estate; and this is an special bottling that enjoys the same pedigree of fruit, exposition, and meticulous winemaking that goes into the production of Château Grand-Puy Lacoste and Lacoste-Borie.",29.99,,13.0,75.0,632.0,,no grapes could be parsed
Main Divide Pinot Gris,,White,Sweet ,,OFF DRY,"On the nose there are pronounced aromas of stone fruit, lychees and pear drops, underpinned with honeysuckle and tropical spices. It is full-bodied, concentrated and unctuous in the mouth with a tangy hint of root ginger. The earlier picked fruit adds freshness and satisfying acidity, while the noble botrytis and lees ageing have increased the mouth feel and complexity of this wine.",14.99,,14.0,75.0,633.0,,no grapes could be parsed
"Mâcon Vinzelles 2018, Château de Loche",,White,Rich ,,DRY,"Château de Loche is one of the oldest and largest wineries in the Mâcon-Vinzelles. It was built in the eighteenth century and has been a bustling hub of traditional viticulture ever since. In keeping with its history, this wine has been aged on fine lees to encourage complexity and texture. Château de Loche 2016 renders an impeccable balance between luscious texture and fresh finish. With classic aromas of peach, citrus and white flowers, it's a shining example of the beauty behind white Burgundy. Partner with white fish dishes or goats cheese tartlets for a truly satisfying gastronomical endeavour.",14.99,,12.5,75.0,634.0,,no grapes could be parsed
"Tasca ""Regaleali"" Bianco Di Sicilia 2017",Italy,White,Crisp ,,DRY,"Made from local grape varieties on an estate owned by the noble Tasca family since the 1830s. Delicate but not bland, fruit flavours of apple, peach and pink grapefruit are to the fore of the crisp and refreshing wine. Best with shellfish, fish or vegetarian dishes.",11.99,,12.0,75.0,637.0,,no grapes could be parsed
Vigneto du Lot Soave Classico 2016 Inama,Italy,White,Crisp ,,DRY,"Grown in the Veneto commune of Verona, Northeastern Italy, around the city of Verona. 'Classico' is made from grapes grown in the original areas and zones where Soave was initially planted. Inama's vineyards lie on basalt-rich soils in the heart of the Classico region. The cornucopia of wild camomile, elderflower and iris and perfumed herbs with subtle vanilla. Rich, almost sweet fruit abounds on the palate, tempered and complemented by minerality and vibrant acidity. Fantastic drinking now, but will develop over the next four years. A perfect apéritif now, the wine will match soft cheese.",27.0,,12.5,75.0,639.0,,no grapes could be parsed
Rully Blanc En Rosey 2016 Maison Chanzy,France,White,Rich ,,DRY,"Maison Chanzy own top quality vineyard sites all over Burgundy including Grand Crus. This wine may be from a less illustrious village than Chassagne or Puligny but it is made with the same care and attention resulting in a faboulously decadent and delicious wine. Pale gold with pronounced aromas of greengage and pear. The palate is richer with ripe apple, lemon and a slight note of toast yet retains a delightful freshness in a long persistent finish. Perfect with chicken or meatier fish.",17.99,,13.0,75.0,642.0,,no grapes could be parsed
"Roero Rosso 'Oesio' DOCG 2015, Enrico Serafino",,Big Red,,,"What sets this Nebbiolo apart from other wines in the region, and even wines from nearby Barolo and Barbaresco, is the 'Oesio' vineyard, where 100% of its grapes are grown. Widely regarded as one of the best locations in the region, its steep slopes and sandy soils create a highly aromatic style of Nebbiolo that beats even Barolo for fragrance. Add in 18 months in oak, and you have truly stand-out red. There's no need to leave this in the cellar for ten years - it's already a vivid and elegant Nebbiolo. Expect pronounced wild strawberry, violet, currant and black pepper notes, a precise structure and refined tannins.",29.99,22.48,,14.5,,647.0,,no grapes could be parsed
Elara Sauvignon Gris Waimea Estate 2018,New Zealand,White,Fruity ,,DRY,Waimea have a small experimental planting of Sauvignon Gris and they offered us this incredible wine that has won awards for every vintage. Production is so small that only a few hundred cases have ever been sold and this is the first time it has been seen outside of New Zealand.,11.99,,13.5,75.0,649.0,,no grapes could be parsed
Solar Viejo Crianza,,Red,Big ,,LIGHT,"Rich in aromas from ageing in oak barrels, such as vanilla, smoky notes, cocoa and spices, which after slight swirling come together with intense notes of fruit compote, bringing a certain pleasant sweetness.",24.99,,13.5,150.0,651.0,,no grapes could be parsed
Poste Restante Organic Rosé,,Rose,,,DRY,"Lighter and more elegant than many Spanish rosés this displays a a pale strawberry colour, with intense and fresh berry flavours over subtle floral notes.",9.99,,12.5,75.0,653.0,,no grapes could be parsed
Work Of Time Bordeaux Blend 2012,,Red,Big ,,MEDIUM,,24.99,,14.5,75.0,658.0,,no grapes could be parsed
Nero Oro Appassimento Magnum,,Red,Big ,,MEDIUM,,19.99,,14.0,150.0,661.0,,no grapes could be parsed
Morande Reserva One to One Pais 2016,Chile,Red,Fruity ,,LIGHT,"The Pais grape was brought to Mexico by Hernán Cortes and from there spread throughout the Americas. The variety, once the most planted in Chile and used for table wine, is now enjoying a renaissance as quality driven producers are making light, fresh fruity red wines. Reminiscent of good Beaujolais this wine is light and fruity with red cherry and raspberry flavours followed by an earthy and spicy finish. This will be delicious with charcuterie and ripe cheese.",9.99,,13.0,75.0,664.0,,no grapes could be parsed
Monsant El Brindis 2016,Spain,Red,Smooth ,,MEDIUM,"El Brindis is produced in Montsant, neighbouring the DOQ Priorat. Their is objective is to preserve the voluptous texture, the luscious fruit of Montsant and yet to capture the vibrancy of our old vines and elevated vineyard.",11.99,,14.0,75.0,665.0,,no grapes could be parsed
Diego de Almagro Gran Reserva,,Red,Smooth ,,MEDIUM,"Seductively mellow, the Diego de Almagro has excellent length. Subtle notes of leather, cocoa and vanilla meet rich mature fruit reminscent of cranberry and raspberry. You'll only find such wondrous complexity with age.",11.99,,13.0,75.0,666.0,,no grapes could be parsed
Domaines Ott Château Romassan Rosé 2018 Bandol,France,Rose,,,DRY,"Bandol makes some of the most serious wines of Provence, and this is the case for rosé as well as red. Founded in 1896, Domaines Ott uses hand-picking, careful sorting and delicate pressing to make the superb Château Romassan Rosé. An extremely subtle, balanced and complex rosé showing fresh berry aromas and hints of spice. Serve at 10-12°C, as an aperitif, with sweetbreads or Asian cuisine.",35.0,,13.5,75.0,668.0,,no grapes could be parsed
Gewürztraminer 'Les Princes Abbés' 2016 Domaines Schlumberger,France,White,Fruity ,,OFF DRY,"Domaines Schlumberger make their wines using only estate-grown fruit, from vineyards located on the breathtaking slopes of southern Alsace, many having up to 50º elevation. Of their 140ha of vineyards, 70ha are recognised as grand cru sites. An intense nose of rose petals, oriental spice and tropical fruit. Gently off-dry, with a round and mellow texture, balanced by a burst of acidity and a peppery note on the finish. Wonderfully food-friendly, especially when paired with mildly spiced Thai or Indonesian dishes, or with pungent cheeses.",16.99,,13.5,75.0,675.0,,no grapes could be parsed
Les Ormes Sorbet,,Red,Fruity ,,LIGHT,"The wines develop aromas of red fruit accompanied by toasty, spicy notes. Rounded, full-bodied and balanced, they have a wonderful richness. Their tannins are refined, harmonious, and very elegant.",19.99,,12.5,75.0,676.0,,no grapes could be parsed
Hunawihr Pinot Gris 2017,France,White,Crisp ,,OFF DRY,"The nose is frank and well open with white flowers and pear aromas. The mouth is full and very rich, with a deep sweetness well balanced by the natural acidity. We can feel the same elegant aromas as for the nose, with a hint of fresh butter. The aftertaste is long and smooth, with truffle flavours.",11.99,,12.0,75.0,677.0,,no grapes could be parsed
Rey Noble Garnacha,,Red,Smooth ,,MEDIUM,"Rarely does a wine cause quite such excitement in the Majestic tasting room as the Rey Noble. A delicious marriage of raspberry and ripe cherry aroma and pure fruit, mineral and earthy flavours",10.99,,13.5,75.0,679.0,,no grapes could be parsed
AIX Rosé 2018 Coteaux d'Aix en Provence Magnum,France,Rose,,,DRY,"Aix-en-Provence is where you'll find France's finest, and the world's most sought-after, rosé. With Wine Enthusiast praising it as ""packed with fruitiness as well as great freshness"", this is ahead of the Provençal pack, to say the least. You're in for vibrant notes of red fruits, watermelon and white flowers.",28.99,"IWC 2019 - Silver Award, IWC 2018 - Commended Award",13.0,150.0,680.0,,no grapes could be parsed
Saluti Rosso,,Red,Fruity ,,LIGHT,This 70% Sangiovese red is light and fruity with pleasing cherry and redcurrant flavours balanced acidity and a soft texture,6.99,,12.0,75.0,682.0,,no grapes could be parsed
Majestic Loves Sauvignon Magnum,New Zealand,White,Fruity ,,DRY,This magnum Sauvignon is fantastic for garden parties and barbeques. Vibrant aromatic fruit flavours that are typical to the Sauvignon grape. When grown in the New Zealand maritime climate this wine flourishes giving off a pale green straw colour with juicy citrus flavours and a long smooth finish with just enough acidity.,15.99,,12.0,150.0,683.0,,no grapes could be parsed
Domaine Martin Bourgogne Blanc,,White,Rich ,,DRY,"Floral and elegant with delicate flavours of peach and apple flowing on to a creamy, perfumed finish",14.99,,13.0,75.0,684.0,,no grapes could be parsed
Guigal St Joseph,,Red,Smooth ,,MEDIUM,"Guigal Saint Joseph Blanc is a French white wine made Saint Joseph Appellation d'Origine Contrôlée (AOC) in the northern Rhône wine region of France. Although Saint Joseph is primarily a red wine appellation making wines from the Syrah grape, there is a small amount of white wine made and up to 10% white grapes (Roussanne or Marsanne) can go into the red wine blends",25.99,,13.5,75.0,685.0,,no grapes could be parsed
Anna's Way Pinot Gris,,White,Fruity ,,DRY,"Louis Vavasour's Anna's Way is an award-winning collection of low-yield, premium wines. This Pinot Gris hails from the world famous Marlborough region where the sun-soaked days pack grapes full of intense flavour. It's aged on lees to deepen the complexity of the flavours and introduce a lush softness to the wine.",12.99,,13.5,75.0,686.0,,no grapes could be parsed
Marsala Fine Curatolo Arini,Italy,Dessert & Fortified,,,MEDIUM,"Light wines from local grapes Grillo, Inzolia and Cataratto are fortified with white grape spirits in the traditional way. The Marsala Fine is dry in style and has all the characteristics of good Marsala with notes of toasted almonds, citrus and caramel.",14.99,,17.0,75.0,687.0,,no grapes could be parsed
Vieux Remparts Lussac St Emilion Magnum 2016,,Red,Big ,,MEDIUM,"Lussac is one of five villages to the northeast of St-Emilion with the right to add that name to their own. Lussac makes excellent 'satellite' wines, slightly more rustic than its big brother, but rounded and with great charm. This is a rich, full bodied wine showing great concentration of flavour. With juicy black fruit on the nose and palate backed up by a smoky sandalwood character. This will make a great accompaniment to hearty meat dishes and strong cheeses.",23.99,,13.0,150.0,688.0,,no grapes could be parsed
Etna Rosso Torre Mora 'Cauru',,Red,,,MEDIUM,Fragrant and elegant this display delightful red berry flavours and notes of mountain herbs. A medium body with refreshing acidity make this a great food friendly wine.,17.99,,14.0,75.0,692.0,,no grapes could be parsed
"Château Valade Fronsac, 2010",France,Red,Big ,,LIGHT,,16.99,,14.5,75.0,695.0,,no grapes could be parsed
Esprit des Nautes IGP 2018,France,Rose,,,DRY,"Provence is hot on the lips of rosé lovers, but its popularity has meant prices are on the rise. For gentle, pale salmon tipples it can pay to look further afield. Espirit des Nautes is a fantastic example of this. Its vines are nestled between the Mediterranean and the mountains. This cuvée is remarkably well-balanced, characterised by a long-lasting aromatic finish with elegance and freshness.",9.99,,12.0,75.0,696.0,,no grapes could be parsed
"Soave Cadis, Italy",,White,Crisp ,,DRY,"Nice Italian Soave with notes of peach, honeydew melon, marjoram with just a hint is saline. Smooth more oily than creamy finis",9.99,,12.0,75.0,699.0,,no grapes could be parsed
Chablis Elodie Duprés 2016,France,White,Crisp ,,DRY,"Chablis is often hit by hail storms and frost. So it's increasingly hard to find the prestigious region's deliciously dry produce at a pocket-friendly sum. But the Chablis Elodie Duprés is a steal. It's crisp, elegant and pumping with refined flavours of luscious apple and citrus fruit.",16.99,,13.0,75.0,701.0,,no grapes could be parsed
"Dehesa Gago, Tinta de Toro 2016",,Red,Smooth ,,MEDIUM,"Described as one of Spain's most talented winemaker's by Wine Advocate's Neal Martin, Telmo Rodriguez has bulit a career upon reviving forgotten Spanish vineyards and grapes. seizing upon an ancient plot of Tempranillo bush-vines in little known Toro, he elevated this once-forgotten region to one Spain's most admired. The Toro region is enjoying a resurgence in popularity due to its low density old vines that produce wines that are simply great value for money. This example has plenty of dark plum and blackberry flavours with a soft rounded structure.",13.99,,14.0,75.0,703.0,,no grapes could be parsed
Essensia Orange Muscat 2016 Andrew Quady Half Bottle,USA,Dessert & Fortified,,,SWEET,"Outrageously rich and delicious with a vibrant peachy, orangey bouquet. Try it with the most wicked chocolate pud you can find! With an aroma reminiscent of orange blossom and apricots. The palate is rich and sweet, with vibrant peachy and orangey fruit. Ends with a lingering, refreshing aftertaste. Very good with almost any dessert, but particularly those with chocolate, orange or apricots.",13.99,"IWC 2018 - Bronze Award, IWC 2017 - Bronze Award",15.0,37.5,704.0,,no grapes could be parsed
Dolcetto D'Ovado Gusti,,Red,Big ,,LIGHT,"In contrast to Piedmont's robust, tannic wines it is soft and light-bodied, allowing punchy notes of dark cherry, raspberry, liquorice and a long, hedonistic finish to reign supreme.",12.99,,13.5,75.0,709.0,,no grapes could be parsed
Ch Damase 2009,France,Red,Big ,,LIGHT,"Lots of red fruit and plum skin, a bit of gamey brett action in an attractive rather than dirty sense, and nice softness. Good daily drinker and typical of what cheap Bdx should taste like.",11.99,,13.5,75.0,710.0,,no grapes could be parsed
VIA CUPOLA PINOT GRIGIO*,Hungary,White,Crisp ,,HUNGARY,,9.99,,11.0,,714.0,,no grapes could be parsed
Finca El Cuento Blanco 2018,,White,Crisp ,,DRY,"From family-owned Bodegas Muriel - founded in 1926 with a continued commitment to showcasing Spanish wine. Serve chilled and explore its refreshing fruit-forward flavour, floral character and crisp acidity.",7.99,,12.5,75.0,715.0,,no grapes could be parsed
"Aglianico Terre di Orazio, 2015",Italy,Red,Big ,,FULL,"Well structured and elegant with an intense bouquet of redcurrants and violet. The fully flavoured palate has notes of dark cherry, redcurrant and plum with a long dry finish Aromas of cassis and spice carry through with red and black berry fruits on the palate with scrumptious finish and voluptuous tannins Kick back with a mature cheese board or red meats.",11.99,,14.0,75.0,716.0,,no grapes could be parsed
Inama Carminium 2015,,Red,Big ,,MEDIUM,"On the nose, there are inviting notes of wild red berries, black pepper and sweet spices, while the palate offers hints of red cherries, coffee beans and gentle herbal notes.",25.0,,13.5,75.0,718.0,,no grapes could be parsed
"Lez Arts Magnum, Luberon 2017",France,Rose,,,DRY,"Luberon is part of Provence that is further inland, just before you get to the mountains. As such it is really easy to make wine here as the vineyards are well irrigated by the clouds coming in off the coast that break before they reach the mountains. If you're having a party this bottle makes a statement both in size and style. It epitomizes the care-free, elegant Provence with it's light fruitiness and dry-crisp finish. It's a glugger that's for sure Salad Nicoise, olives, tapenade, breadsticks and hummus, or just a good night with friends are all perfect with this generous wine.",24.99,,13.0,150.0,719.0,,no grapes could be parsed
Miraval Rosé 2018 Côtes de Provence Magnum,France,Rose,,,DRY,"The 17th-century Miraval estate is located in the Var region of Provence, and was bought by Brad Pitt and Angelina Jolie in 2009 and extensively renovated. With winemaking expertise from Perrin, the first modern vintage was released in 2012, and was met with wide acclaim. A beautifully pale pink colour, with a nose of wild strawberry and stone fruit, with delicate floral touches. Great palate texture, with soft tangerine and peach notes joining layers of berry fruit. Enjoy on its own or with fine seafood.",40.99,,13.0,150.0,721.0,,no grapes could be parsed
Orin Swift Palermo 2016,USA,Red,Big ,,MEDIUM,Unashamedly powerful and fruity this is resplendent with cherry and raspberry flavours followed buy notes of sweet spice and star anise.,44.99,,15.5,75.0,722.0,,no grapes could be parsed
Pazo Tizon Ribiero 2018,,White,Crisp ,,OFF DRY,"If you love Spanish white such as Godello or Albarino this cracking wine is for you. Richly perfumed with flavours of citrus, apricot and almond this is a rare and delicious treat.",15.99,,13.5,75.0,728.0,,no grapes could be parsed
Viré-Clessé Vieilles Vignes 2017/18 Christophe Cordier,France,White,Rich ,,DRY,"Cordier's Viré-Clessé is made from 40-year-old vines from village of Viré, with grapes bought in from a mixture of winegrowers, some of which practise biodynamic viticulture. Using 300lt barrels, 10% of which are new, the lees are also stirred for added body. Elegant yet opulent, this wine combines fresh fruit on the palate with a minerally core, with added dimension provide by a slight toastiness. Langoustines, lobster and prawn dishes will match well with this wine, as will most fowl recipes.",16.99,,13.5,75.0,729.0,,no grapes could be parsed
Au Bon Climat Hildegard 2016 Santa Maria Valley,USA,White,Rich ,,DRY,"A blend of Pinot Gris and Pinot Blanc with a small amount of Aligoté, this is an unusual and complex wine, inspired by oft-forgotten white varieties of Burgundy. Aromas of apple, almond, and freshly baked cake notes from time in French oak. A generous and open texture and superb balance all the way to the creamy finish.",40.0,,13.5,75.0,730.0,,no grapes could be parsed
Sassaiolo Rosso Piceno 2014 Monte Schiavo,Italy,Red,Big ,,MEDIUM,"Rosso Piceno DOC is part of the region of Marches, just north of Rome on the east coast of Italy. Wines from this region were already known in Roman times and Hannibal reportedly used it to rub down his cavalry horses on his march to Rome, to give them new vigour. A wine offering the elegance of Sangiovese combined with the charming ripe fruit of the Montepulciano. Smooth and rich on the palate with a long, balanced finish. Absolutely an all-rounder, this goes particularly well with rich pasta dishes.",9.99,,13.5,75.0,732.0,,no grapes could be parsed
Sunday Funday White Blend 2016,,White,Rich ,,DRY,"Forget oaked Chardonnay. The juice spends time in stainless steel. This practice ensures it's a pristine, refreshing white with a velvet-laden mouthfeel. Unoaked Chardonnay allows zesty flavours to dominate. Sauvignon Blanc adds punchy green-apple and citrus notes. The winery then adopts a top-secret technique to bring the wine to life. California dreaming may seem far away - but this will bring a spot of the Golden State to your table with each sip! It's their ethos. So the winery looked to bring laid-back fun and care-free times to your glass. So, naturally, this is a livewire white bursting with notes of tropical fruit, lemon and gooseberry.",14.99,,12.5,75.0,735.0,,no grapes could be parsed
Clos de Peyrassol 2016,France,Rose,,,DRY,Created in 2009 this wine is made from grapes selected from the very best plots in the Clos Peyrassol. It is only produced in the very best years and abounds with fresh flavours of redcurrant and strawberry.,31.99,,12.5,75.0,738.0,,no grapes could be parsed
Lay & Wheeler Cote d'Or Les Charmes 2016,France,White,Rich ,,DRY,"Selected by our sister company and fine wine specialist, Lay & Wheeler, from a renowned producer in Puligny Montrachet this posses great intensity and length with fine citrus and apple flavours with notes of vanilla and toasty oak.",47.99,,13.0,75.0,742.0,,no grapes could be parsed
Les Jardins d'Elais Côtes du Rhône Villages,France,Red,Big ,,MEDIUM,"Located near Avignon, at the heart of the Rhone Valley, the fortified stronghold of Bonpas, from the French ""Bon passage"", has watched over the safe crossing of the Durance River along the historic route that once linked Rome with Avignon. The estate marks the gateway to the southern Côtes-du-Rhône appellations and opens its gates to the discovery of the region terroirs. Its sophisticated, elegant wines embody the terroirs and varietals of this famous region through their power and fruitiness.",11.99,,13.5,75.0,743.0,,no grapes could be parsed
"Fief de yrano Bergerac, France",France,Red,Fruity ,,MEDIUM,"The Bergerac appellation is situated in the south of the Dordogne region. Ideally located on the hillsides of the Dordogne valley, sheltered from the maritime influence, the Bergerac Rouge appellation enjoys a particularly favourable climate.This yields enjoyable wines, both elegant and authentic, and the diversity in the vineyards brings variety and richness",9.99,,14.0,75.0,744.0,,no grapes could be parsed
Lay & Wheeler Cote d'Or Les Charmes 2016,France,White,Rich ,,DRY,"Selected by our sister company and fine wine specialist, Lay & Wheeler, from a renowned producer in Puligny Montrachet this posses great intensity and length with fine citrus and apple flavours with notes of vanilla and toasty oak.",47.99,,13.0,75.0,746.0,,no grapes could be parsed
Les Jardins d'Elais Côtes du Rhône Villages,France,Red,Big ,,MEDIUM,"Located near Avignon, at the heart of the Rhone Valley, the fortified stronghold of Bonpas, from the French ""Bon passage"", has watched over the safe crossing of the Durance River along the historic route that once linked Rome with Avignon. The estate marks the gateway to the southern Côtes-du-Rhône appellations and opens its gates to the discovery of the region terroirs. Its sophisticated, elegant wines embody the terroirs and varietals of this famous region through their power and fruitiness.",11.99,,13.5,75.0,747.0,,no grapes could be parsed
"Fief de yrano Bergerac, France",France,Red,Fruity ,,MEDIUM,"The Bergerac appellation is situated in the south of the Dordogne region. Ideally located on the hillsides of the Dordogne valley, sheltered from the maritime influence, the Bergerac Rouge appellation enjoys a particularly favourable climate.This yields enjoyable wines, both elegant and authentic, and the diversity in the vineyards brings variety and richness",9.99,,14.0,75.0,748.0,,no grapes could be parsed
Ch Bel Orme Tronq de Lalande,France,Red,Big ,,LIGHT,"Chateau Bel Orme Tronquoy De Lalande 2009 is dark, dark color. Savor the wine and feel the pungent flavor blended with delicate, structured tannins. The fruit flavor is expressed quite strongly in each aftertaste with the gentle alternation of tobacco and vanilla. This is a wine with a harmonious flavor with a lasting spicy aftertaste",19.99,,13.0,75.0,751.0,,no grapes could be parsed
Ch Marzy Pomerol,,Red,Big ,,LIGHT,,36.99,,13.0,75.0,752.0,,no grapes could be parsed
"Ch Noble Meynard 2010, Bordeaux Superieur",,Red,Fruity ,,LIGHT,,11.99,,12.5,75.0,753.0,,no grapes could be parsed
Ch Plincette,,Red,Fruity ,,LIGHT,Ch. Plincette is one of the few affordable wines of Pomerol and has a good quality / price ratio. The wine itself usually has the distinctive character of dark fruits and disposes of this areaPomerol unexpected force.,29.99,,13.5,75.0,754.0,,no grapes could be parsed
Chateau Fleur de Lisse GC 2015,,Red,Big ,,FULL,"The vineyard is planted with a high proportion of Cabernet Franc giving the wine a lot of singularity and unique tipicity. Average age of the vines is between 40 to 50 years Rich plum and dark cherry fruit flavours mingle with notes of cedar, leather and spice in this indulgent St Emillion Grand Cru. Enjoy along side beef wellington or a mature cheese board.",27.99,,14.0,75.0,755.0,,no grapes could be parsed
Chateau de Crezancy Sancerre Rouge,,Red,Fruity ,,LIGHT,"Deep red in color with a nose of black cherries, blackberries and currant kissed with a touch of praline.. The palate is sweet and slightly spicy with fine tannins and a silky finish. This wine is the perfect accompaniment with white meats and poultry, duck, and dried goat cheese. It has medium body with a firm and persistent palate of flavors unadulterated by oak.",18.99,,13.5,75.0,756.0,,no grapes could be parsed
"Château L'Estran 2014, Médoc",,Red,Big ,,MEDIUM,,14.99,,13.0,75.0,757.0,,no grapes could be parsed
"Château Malagar 2009, Côtes de Bordeaux",France,Red,Big ,,LIGHT,"Mature right-bank Bordeaux from famous vintage is some of the world's most desired reds. Whilst the 2010 and 2015 vintages made the headlines, but 2009 was just as superb.From the insider-secret Côtes de Bordeaux region this captures the vintages charm at a steal. Revel in its refined flavours of blackberry, baked apple and vanilla that drift through superbly integrated tannins",12.99,,13.0,75.0,758.0,,no grapes could be parsed
Château Tour Haut Caussan 2014,,Red,Big ,,LIGHT,Rated by Robert Parker as producing wines of 5th growth quality in the best year this is powerful with ripe blackcurrant fruit flavours followed by notes of vanilla and cedar.,15.99,,13.5,75.0,759.0,,no grapes could be parsed
"Château du Roc 2015, Castillon Côtes de Bordeaux",France,Red,Big ,,MEDIUM,"Fantastic Bordeaux vintages come in fives. 2015 was no different. Decanter gave the right bank, where you'll find Château du Roc, 5/5. The splendid sun and preserving cooler night temperatures bring gallons of delicious fruit flavour to your glass. You'll taste bucketloads now. But it'll taste incredible in two years' time. It's already a juicy wonder of a red. Blackberries, black cherries and blueberries drift through melted tannins and essences of perfumed oak. But it'll soften magnificently if you can resist temptation.",15.99,,14.5,75.0,760.0,,no grapes could be parsed
Cimagoccia Governo All'uso Toscano,,Red,Fruity ,,MEDIUM,"Intense ruby-red in color. An elegant bouquet with intense dried fruit aromas and floral hints. The ""Governo"" grants the wine a round palate, a full taste. Well-structured, soft and harmonious, a great return to a wonderful tradition.",12.99,,14.0,75.0,761.0,,no grapes could be parsed
Clos Grangeneuve Pomerol,,Red,Big ,,MEDIUM,"Medium-bodied dark red fruit and a hint of pencil shavings. Dark plum and cranberry notes, sour cherry, fig, dried herbs, and soft tannins makes this a wonderful choice for red meats,heavier chicken dishes, or smoked cheeses!",34.99,,14.0,75.0,762.0,,no grapes could be parsed
Domaine Millet Sancerre Rosé,,Rose,,,DRY,"Fresh, clear, pale pink, very delicate, as good Provence rosé. Wild strawberries. Their rosé is made via a blend of the 'saignée' method and direct press in order to give it a light salmon colour. From 100% Pinot Noir grown on limestone and clay soil, lending ripe, exhilaratingly fresh berry flavours. The delicate colour belies the depth of fruit, which gives the fashionable rosés of Provence a run for their money.",18.99,,13.0,75.0,764.0,,no grapes could be parsed
"Famille Bougrier Savignon Banc 2018, Touraine",France,White,Fruity ,,FRANCE,,11.99,,12.5,,766.0,,no grapes could be parsed
Kangarilla Geology Series Alluvial Fans,,Red,Big ,,MEDIUM,"Big, bold and boasting a huge palate of ripe, dark fruit. This is an exceptional bit of kit and easily one of my 'Desert Island' wines. Perfect for any roasted, grilled or barbecued meat.",19.99,,14.5,75.0,768.0,,no grapes could be parsed
Kanonkop Paul Sauer Magnum,,Big Red,,,,96,85.0,,14.5,,769.0,,no grapes could be parsed
La Parde de Haut-Bailly 2011,,Red,Big ,,MEDIUM,"Robert Parker described the 2011 as, a ""brilliant second wine,"" even, ""a quality that transcends some of the Haut-Baillys made in the sixties and seventies""! For a second to exceed an estate's primary wine is rare, even when compared to older vintages, so this is a really special parcel. The La Parde 2011 has a heart of pure, ripe plum and red hedgerow fruit that runs alongside vanilla, coffee grinds and anise. With smooth yet present tannins, it will be in its prime for another ten years.",41.0,,13.0,75.0,772.0,,no grapes could be parsed
Penfolds Grange 2014,,Red,Big ,,MEDIUM,,610.0,,14.5,75.0,777.0,,no grapes could be parsed
VIK A MANAGERS CHOICE CABERNET,Chile,Red,Big ,,CHILE,,19.99,,14.0,,780.0,,no grapes could be parsed
"Vavasour Papa Sauvignon Blanc 2018, Malborourgh",New Zealand,White,Fruity ,Sauvignon Blanc,NEW ZEALAND,"Awatere Valleys minerality-gifting stony soils nourish grapes that develop otherworldly elegance, perfume and texture over a seemingly endless ripening period. But this cool-climate havens brilliance was unknown until it was discovered by Vavasour. It's plucked every grape behind this from one carefully selected spot. Its a truly unique, expertly crafted expression of the land.",18.99,,13.0,,47.0,2018,fullness not recognised
Vina Tondonia Rioja Reserva 2006,,Smooth Red,,Rioja,"The 2006 Tondonia is a stunning wine from Lopez de Heredia. There's dried fruits and herbs, with notes of graphite and wonderful spice. This is long and finely balanced, with remarkable purity and freshness on the finish for a 12 year old wine.",34.99,29.99,,13.0,,335.0,2006,type not recognised
The Ned Noble Sauvignon Blanc 2015 Half Bottle,New Zealand,Dessert & Fortified,,Sauvignon Blanc,SWEET,"Botrytised grapes have been specially selected from amongst the vines of the Waihopai River vineyard to make this wine. The fermentation process takes a lengthy 6 months and extracts huge flavours from the shrivelled berries. Intensely sweet, yet balanced with a mixture of crisp citrus and fresh melon flavours, and as such, never cloys. Lingers long on the palate. An amazing match for gorgonzola or rich pâtés.",14.99,"IWC 2018 - Bronze Award, IWC 2017 - Silver Award",11.5,37.5,438.0,2015,type not recognised
Royal Tokaji 5 Puttonyos 2013 Hungary,Hungary,Dessert & Fortified,,"Harslevelu, Furmint",SWEET,"Acknowledged as one of the region's top winemakers, Karoly Ats combines traditional techniques with modern technology to create the award-winning Royal Tokaji range. Tokaji is produced by blending hand-picked shrivelled or 'aszu' berries with top quality base wines. A medium amber colour with a nose of orange peel, figs and cinnamon. The sugar on the palate is well-balanced by the fine acidity, leading to a clean, refreshing finish. Will continue to improve over several years but drink now, slightly chilled, with blue cheeses or fruit desserts.",29.99,Decanter 2017 - Gold Award,11.0,50.0,514.0,2013,type not recognised
Tio Pepe Fino Gonzalez Byass,Spain,Dessert & Fortified,,Palomino,DRY,"The Gonzalez Byass Board of Directors is currently made up of 4th and 5th generations of the Gonzalez family, after the Byass family withdrew in 1998. The family have shown a common interest not only for wine-making, but also nature protection and the environment. Being made from the highest quality must, the 'Yema', it has a distinctive, clean aroma and is bone dry with a savoury character. It represents the ultimate aperitif and is the perfect match for a wide variety of dishes including seafood and tapas. Serve ice cold.",13.99,,15.0,75.0,585.0,Unknown,type not recognised
Amontillado Seco Napoleon Hidalgo,Spain,Dessert & Fortified,,Palomino,DRY,"Traditionally always dry, Amontillado is a sherry allowed to age for a bit longer after the flor has died. Hidalgo, a small, quality conscious family firm in Sanlúcar de Barrameda, produces this in the classic dry style. Bone dry with enticing nutty flavours, a slightly oxididised character and a mouthwatering, pungent, yeasty tang. Incredibly versatile, this is delicious served slightly cool.",16.99,"IWC 2018 - Silver Award, IWC 2017 - Commended Award, Decanter 2017 - Silver Award",17.5,75.0,618.0,Unknown,type not recognised
A Sticky End Noble Sauvignon Blanc Half Bottle,New Zealand,Dessert & Fortified,,Sauvignon Blanc,MEDIUM,"This dessert wine from Marisco Vineyards' King's Series is made from Sauvignon Blanc grapes that have been allowed extra hang-time on the vine, giving them extra ripeness and promoting the onset of botrytis, creating intense sweetness and complex flavours. Enticing and expressive on the nose, which offers ripe peach and lychee and fig, alongside subtle nutty notes. Intensely concentrated flavours of honey and ripe nectarine with a citrus lift. Drink now or cellar for 2-3 years for more flavour development. Partner with summer fruit puddings.",17.99,"IWC 2018 - Silver Award, Decanter 2018 - Bronze Award, IWC 2017 - Silver Award, Decanter 2017 - Silver Award",11.5,37.5,669.0,Unknown,type not recognised
"Bodegas Olarra Cerro Anon Reserva Rioja, 2014",Spain,Red,Big ,Rioja,SPAIN,"Created in 1973, Bodegas Olarra is based on the outskirts of the city of Logroño in Rioja Alta. There distinctive Y-shaped winery designed to make the greatest use of the space to produce their wine  is known as the Cathedral of La Rioja. Sweet ripe fruit aromas and delicate notes of smokiness with tastes of cherry, plum and blackberries combine with a gentle, clean aroma of oak.",14.99,,12.5,,750.0,2014,fullness not recognised
"Parcel Series Margaret River Shiraz 2018, Australia",,Big Red,,Shiraz,,11.99,9.99,,14.5,,776.0,2018,type not recognised
,,,,,,,,,,,,,
,,,,,,,,,,,,,
,,,,,,,,,,,,,
,,,,,,,,,,,,,
,,,,,,,,,,,,,
,,,,,,,,,,,,,
,,,,,,,,,,,,,
,,,,,,,,,,,,,
,,,,,,,,,,,,,
,,,,,,,,,,,,,
,,,,,,,,,,,,,
,,,,,,,,,,,,,
,,,,,,,,,,,,,
,,,,,,,,,,,,,
,,,,,,,,,,,,,
,,,,,,,,,,,,,
,,,,,,,,,,,,,
,,,,,,,,,,,,,
,,,,,,,,,,,,,
,,,,,,,,,,,,,
,,,,,,,,,,,,,
,,,,,,,,,,,,,
,,,,,,,,,,,,,
,,,,,,,,,,,,,
,,,,,,,,,,,,,
,,,,,,,,,,,,,
,,,,,,,,,,,,,
,,,,,,,,,,,,,
,,,,,,,,,,,,,
,,,,,,,,,,,,,
,,,,,,,,,,,,,
,,,,,,,,,,,,,
,,,,,,,,,,,,,
,,,,,,,,,,,,,
,,,,,,,,,,,,,
,,,,,,,,,,,,,
,,,,,,,,,,,,,
,,,,,,,,,,,,,
,,,,,,,,,,,,,
,,,,,,,,,,,,,
,,,,,,,,,,,,,
,,,,,,,,,,,,,
,,,,,,,,,,,,,
,,,,,,,,,,,,,
,,,,,,,,,,,,,
,,,,,,,,,,,,,
,,,,,,,,,,,,,
,,,,,,,,,,,,,
,,,,,,,,,,,,,
,,,,,,,,,,,,,
,,,,,,,,,,,,,
,,,,,,,,,,,,,
,,,,,,,,,,,,,
,,,,,,,,,,,,,
,,,,,,,,,,,,,
,,,,,,,,,,,,,
,,,,,,,,,,,,,
,,,,,,,,,,,,,
,,,,,,,,,,,,,
,,,,,,,,,,,,,
,,,,,,,,,,,,,
,,,,,,,,,,,,,
,,,,,,,,,,,,,
,,,,,,,,,,,,,
,,,,,,,,,,,,,
,,,,,,,,,,,,,
,,,,,,,,,,,,,
,,,,,,,,,,,,,
,,,,,,,,,,,,,
,,,,,,,,,,,,,
,,,,,,,,,,,,,
,,,,,,,,,,,,,
,,,,,,,,,,,,,
,,,,,,,,,,,,,
,,,,,,,,,,,,,
,,,,,,,,,,,,,
,,,,,,,,,,,,,
,,,,,,,,,,,,,
,,,,,,,,,,,,,
,,,,,,,,,,,,,
,,,,,,,,,,,,,
,,,,,,,,,,,,,
,,,,,,,,,,,,,
,,,,,,,,,,,,,
,,,,,,,,,,,,,
,,,,,,,,,,,,,
,,,,,,,,,,,,,
,,,,,,,,,,,,,
,,,,,,,,,,,,,
,,,,,,,,,,,,,
,,,,,,,,,,,,,
,,,,,,,,,,,,,
,,,,,,,,,,,,,
,,,,,,,,,,,,,
,,,,,,,,,,,,,
,,,,,,,,,,,,,
,,,,,,,,,,,,,
,,,,,,,,,,,,,
,,,,,,,,,,,,,
,,,,,,,,,,,,,
,,,,,,,,,,,,,
,,,,,,,,,,,,,
,,,,,,,,,,,,,
,,,,,,,,,,,,,
,,,,,,,,,,,,,
,,,,,,,,,,,,,
,,,,,,,,,,,,,
,,,,,,,,,,,,,
,,,,,,,,,,,,,
,,,,,,,,,,,,,
,,,,,,,,,,,,,
,,,,,,,,,,,,,
,,,,,,,,,,,,,
,,,,,,,,,,,,,
,,,,,,,,,,,,,
,,,,,,,,,,,,,
,,,,,,,,,,,,,
,,,,,,,,,,,,,
,,,,,,,,,,,,,
,,,,,,,,,,,,,
,,,,,,,,,,,,,
,,,,,,,,,,,,,
,,,,,,,,,,,,,
,,,,,,,,,,,,,
,,,,,,,,,,,,,
,,,,,,,,,,,,,
,,,,,,,,,,,,,
,,,,,,,,,,,,,
,,,,,,,,,,,,,
,,,,,,,,,,,,,
,,,,,,,,,,,,,
,,,,,,,,,,,,,
,,,,,,,,,,,,,
,,,,,,,,,,,,,
,,,,,,,,,,,,,
,,,,,,,,,,,,,
,,,,,,,,,,,,,
,,,,,,,,,,,,,
,,,,,,,,,,,,,
,,,,,,,,,,,,,
,,,,,,,,,,,,,
,,,,,,,,,,,,,
,,,,,,,,,,,,,
,,,,,,,,,,,,,
,,,,,,,,,,,,,
,,,,,,,,,,,,,
,,,,,,,,,,,,,
,,,,,,,,,,,,,
,,,,,,,,,,,,,
,,,,,,,,,,,,,
,,,,,,,,,,,,,
,,,,,,,,,,,,,
,,,,,,,,,,,,,
,,,,,,,,,,,,,
,,,,,,,,,,,,,
,,,,,,,,,,,,,
,,,,,,,,,,,,,
,,,,,,,,,,,,,
,,,,,,,,,,,,,
,,,,,,,,,,,,,
,,,,,,,,,,,,,
,,,,,,,,,,,,,
,,,,,,,,,,,,,
,,,,,,,,,,,,,
,,,,,,,,,,,,,
,,,,,,,,,,,,,
,,,,,,,,,,,,,
,,,,,,,,,,,,,
,,,,,,,,,,,,,
,,,,,,,,,,,,,
,,,,,,,,,,,,,
,,,,,,,,,,,,,
,,,,,,,,,,,,,
,,,,,,,,,,,,,
,,,,,,,,,,,,,
,,,,,,,,,,,,,
,,,,,,,,,,,,,
,,,,,,,,,,,,,
,,,,,,,,,,,,,
,,,,,,,,,,,,,
,,,,,,,,,,,,,
,,,,,,,,,,,,,
,,,,,,,,,,,,,
,,,,,,,,,,,,,
,,,,,,,,,,,,,
,,,,,,,,,,,,,
,,,,,,,,,,,,,
,,,,,,,,,,,,,
,,,,,,,,,,,,,
,,,,,,,,,,,,,
,,,,,,,,,,,,,
,,,,,,,,,,,,,
,,,,,,,,,,,,,
,,,,,,,,,,,,,
,,,,,,,,,,,,,
,,,,,,,,,,,,,
,,,,,,,,,,,,,
,,,,,,,,,,,,,
,,,,,,,,,,,,,
,,,,,,,,,,,,,
,,,,,,,,,,,,,
,,,,,,,,,,,,,
,,,,,,,,,,,,,
,,,,,,,,,,,,,
,,,,,,,,,,,,,
,,,,,,,,,,,,,
,,,,,,,,,,,,,
,,,,,,,,,,,,,
,,,,,,,,,,,,,
,,,,,,,,,,,,,
,,,,,,,,,,,,,
,,,,,,,,,,,,,
,,,,,,,,,,,,,
,,,,,,,,,,,,,
,,,,,,,,,,,,,
,,,,,,,,,,,,,
,,,,,,,,,,,,,
,,,,,,,,,,,,,
,,,,,,,,,,,,,
,,,,,,,,,,,,,
,,,,,,,,,,,,,
,,,,,,,,,,,,,
,,,,,,,,,,,,,
,,,,,,,,,,,,,
,,,,,,,,,,,,,
,,,,,,,,,,,,,
,,,,,,,,,,,,,
,,,,,,,,,,,,,
,,,,,,,,,,,,,
,,,,,,,,,,,,,
,,,,,,,,,,,,,
,,,,,,,,,,,,,
,,,,,,,,,,,,,
,,,,,,,,,,,,,
,,,,,,,,,,,,,
,,,,,,,,,,,,,
,,,,,,,,,,,,,
,,,,,,,,,,,,,
,,,,,,,,,,,,,
,,,,,,,,,,,,,
,,,,,,,,,,,,,
,,,,,,,,,,,,,
,,,,,,,,,,,,,
,,,,,,,,,,,,,
,,,,,,,,,,,,,
,,,,,,,,,,,,,
,,,,,,,,,,,,,
,,,,,,,,,,,,,
,,,,,,,,,,,,,
,,,,,,,,,,,,,
,,,,,,,,,,,,,
,,,,,,,,,,,,,
,,,,,,,,,,,,,
,,,,,,,,,,,,,
,,,,,,,,,,,,,
,,,,,,,,,,,,,
,,,,,,,,,,,,,
,,,,,,,,,,,,,
,,,,,,,,,,,,,
,,,,,,,,,,,,,
,,,,,,,,,,,,,
,,,,,,,,,,,,,
,,,,,,,,,,,,,
,,,,,,,,,,,,,
,,,,,,,,,,,,,
,,,,,,,,,,,,,
,,,,,,,,,,,,,
,,,,,,,,,,,,,
,,,,,,,,,,,,,
,,,,,,,,,,,,,
,,,,,,,,,,,,,
,,,,,,,,,,,,,
,,,,,,,,,,,,,
,,,,,,,,,,,,,
,,,,,,,,,,,,,
,,,,,,,,,,,,,
,,,,,,,,,,,,,
,,,,,,,,,,,,,
,,,,,,,,,,,,,
,,,,,,,,,,,,,
,,,,,,,,,,,,,
,,,,,,,,,,,,,
,,,,,,,,,,,,,
,,,,,,,,,,,,,
,,,,,,,,,,,,,
,,,,,,,,,,,,,
,,,,,,,,,,,,,
,,,,,,,,,,,,,
,,,,,,,,,,,,,
,,,,,,,,,,,,,
,,,,,,,,,,,,,
,,,,,,,,,,,,,
,,,,,,,,,,,,,
,,,,,,,,,,,,,
,,,,,,,,,,,,,
,,,,,,,,,,,,,
,,,,,,,,,,,,,
,,,,,,,,,,,,,
,,,,,,,,,,,,,
,,,,,,,,,,,,,
,,,,,,,,,,,,,
,,,,,,,,,,,,,
,,,,,,,,,,,,,
,,,,,,,,,,,,,
,,,,,,,,,,,,,
,,,,,,,,,,,,,
,,,,,,,,,,,,,
,,,,,,,,,,,,,
,,,,,,,,,,,,,
,,,,,,,,,,,,,
,,,,,,,,,,,,,
,,,,,,,,,,,,,
,,,,,,,,,,,,,
,,,,,,,,,,,,,
,,,,,,,,,,,,,
,,,,,,,,,,,,,
,,,,,,,,,,,,,
,,,,,,,,,,,,,
,,,,,,,,,,,,,
,,,,,,,,,,,,,
,,,,,,,,,,,,,
,,,,,,,,,,,,,
,,,,,,,,,,,,,
,,,,,,,,,,,,,
,,,,,,,,,,,,,
,,,,,,,,,,,,,
,,,,,,,,,,,,,
,,,,,,,,,,,,,
,,,,,,,,,,,,,
,,,,,,,,,,,,,
,,,,,,,,,,,,,
,,,,,,,,,,,,,
,,,,,,,,,,,,,
,,,,,,,,,,,,,
,,,,,,,,,,,,,
,,,,,,,,,,,,,
,,,,,,,,,,,,,
,,,,,,,,,,,,,
,,,,,,,,,,,,,
,,,,,,,,,,,,,
,,,,,,,,,,,,,
,,,,,,,,,,,,,
,,,,,,,,,,,,,
,,,,,,,,,,,,,
,,,,,,,,,,,,,
,,,,,,,,,,,,,
,,,,,,,,,,,,,
,,,,,,,,,,,,,
,,,,,,,,,,,,,
,,,,,,,,,,,,,
,,,,,,,,,,,,,
,,,,,,,,,,,,,
,,,,,,,,,,,,,
,,,,,,,,,,,,,
,,,,,,,,,,,,,
,,,,,,,,,,,,,
,,,,,,,,,,,,,
,,,,,,,,,,,,,
,,,,,,,,,,,,,
,,,,,,,,,,,,,
,,,,,,,,,,,,,
,,,,,,,,,,,,,
,,,,,,,,,,,,,
,,,,,,,,,,,,,
,,,,,,,,,,,,,
,,,,,,,,,,,,,
,,,,,,,,,,,,,
,,,,,,,,,,,,,
,,,,,,,,,,,,,
,,,,,,,,,,,,,
,,,,,,,,,,,,,
,,,,,,,,,,,,,
,,,,,,,,,,,,,
,,,,,,,,,,,,,
,,,,,,,,,,,,,
,,,,,,,,,,,,,
,,,,,,,,,,,,,
,,,,,,,,,,,,,
,,,,,,,,,,,,,
,,,,,,,,,,,,,
,,,,,,,,,,,,,
,,,,,,,,,,,,,
,,,,,,,,,,,,,
,,,,,,,,,,,,,
,,,,,,,,,,,,,
,,,,,,,,,,,,,
,,,,,,,,,,,,,
,,,,,,,,,,,,,
,,,,,,,,,,,,,
,,,,,,,,,,,,,
,,,,,,,,,,,,,
,,,,,,,,,,,,,
,,,,,,,,,,,,,
,,,,,,,,,,,,,
,,,,,,,,,,,,,
,,,,,,,,,,,,,
,,,,,,,,,,,,,
,,,,,,,,,,,,,
,,,,,,,,,,,,,
,,,,,,,,,,,,,
,,,,,,,,,,,,,
,,,,,,,,,,,,,
,,,,,,,,,,,,,
,,,,,,,,,,,,,
,,,,,,,,,,,,,
,,,,,,,,,,,,,
,,,,,,,,,,,,,
,,,,,,,,,,,,,
,,,,,,,,,,,,,
,,,,,,,,,,,,,
,,,,,,,,,,,,,
,,,,,,,,,,,,,
,,,,,,,,,,,,,
,,,,,,,,,,,,,
,,,,,,,,,,,,,
,,,,,,,,,,,,,
,,,,,,,,,,,,,
,,,,,,,,,,,,,
,,,,,,,,,,,,,
,,,,,,,,,,,,,
,,,,,,,,,,,,,
,,,,,,,,,,,,,
,,,,,,,,,,,,,
,,,,,,,,,,,,,
,,,,,,,,,,,,,
,,,,,,,,,,,,,
,,,,,,,,,,,,,
,,,,,,,,,,,,,
,,,,,,,,,,,,,
,,,,,,,,,,,,,
,,,,,,,,,,,,,
,,,,,,,,,,,,,
,,,,,,,,,,,,,
,,,,,,,,,,,,,
,,,,,,,,,,,,,
,,,,,,,,,,,,,
,,,,,,,,,,,,,
,,,,,,,,,,,,,
,,,,,,,,,,,,,
,,,,,,,,,,,,,
,,,,,,,,,,,,,
,,,,,,,,,,,,,
,,,,,,,,,,,,,
,,,,,,,,,,,,,
,,,,,,,,,,,,,
,,,,,,,,,,,,,
,,,,,,,,,,,,,
,,,,,,,,,,,,,
,,,,,,,,,,,,,
,,,,,,,,,,,,,
,,,,,,,,,,,,,
,,,,,,,,,,,,,
,,,,,,,,,,,,,
,,,,,,,,,,,,,
,,,,,,,,,,,,,
,,,,,,,,,,,,,
,,,,,,,,,,,,,
,,,,,,,,,,,,,
,,,,,,,,,,,,,
,,,,,,,,,,,,,
,,,,,,,,,,,,,
,,,,,,,,,,,,,
,,,,,,,,,,,,,
,,,,,,,,,,,,,
,,,,,,,,,,,,,
,,,,,,,,,,,,,
,,,,,,,,,,,,,
,,,,,,,,,,,,,
,,,,,,,,,,,,,
,,,,,,,,,,,,,
,,,,,,,,,,,,,
,,,,,,,,,,,,,
,,,,,,,,,,,,,
