Name,Country,Type,Style,Grape,Fullness,Long Description,Price,Awards,ABV,Volume,ID,Year
"Bread & Butter Chardonnay 2017, California",USA,White,Rich ,Chardonnay,OFF DRY,"Complex and layered, with distinctive notes of vanilla bean, almond husk and tropical fruit - it's reminiscent of a decadent crème brûlée! Californian Chardonnay at it's very best. This Chardonnay opens delicately with rich notes of vanilla bean and almond husk, which reminds us of a decadent crème brûlée. The creamy custard notes are balanced by a soft minerality and a hint of worn leather Any seafood dish that features butter or brown butter sauce... baked chicken, creamy pastas or soups, squash and winter vegetables... You're staying for dinner, right?",15.99,,13.5,75.0,0,2017
"Nero Oro Appassimento 2018, Sicily",Italy,Red,Big ,Nero d'Avola,FULL,"Nero Oro is made by a winemaker who's scored a perfect 100 Parker Points. It's little surprise, then, that TV chef James Martin called it ""absolutely fantastic"". It's rich, sweet-spice-packed and luxuriously indulgent. It's an Amarone double without the eye-watering price tag.",9.99,"IWC 2019 - Commended Award, Decanter 2019 - Bronze Award",14.0,75.0,1,2018
"Jaboulet Viognier 2018, France",France,White,Fruity ,Viognier,DRY,"When this was a WIGIG (when it's gone, it's gone!), 4,000 bottles sold out in less than a week. It's since become one of our best-rated Viogniers ever. Brimming with perfumed aromas of peach, pear and citrus all balanced by a salty minerality, it's a Condrieu double at the snip of the price.",11.99,,12.5,75.0,2,2018
"Dawn Star Sauvignon Blanc 2018, Marlborough",New Zealand,White,Fruity ,Sauvignon Blanc,DRY,"New Zealand's vines are the very first to greet the new day's grape-plumping sun. It's this headstart that's the secret to Kiwi Sauvignon's punchy flavour. You'll taste it in Dawn Star's notes of guava, passion fruit and that all-important soaking of gooseberry.",9.99,,13.0,75.0,3,2018
"Definition Zinfandel 2017, Lodi",USA,Red,Big ,Zinfandel,FULL,"The Definition range captures the quintessential qualities of the world's greatest wine styles. How do you capture the essence of Zinfandel? We went to the heart of Zin', Lodi, and a three-time 'US Wine Producer of the Year'. We sold 9,000 bottles in the first week. It's big, bold and bursting with ripe blackberries and sweet spices.",9.99,"IWC 2019 - Bronze Award, IWC 2018 - Commended Award",14.0,75.0,4,2017
Sancerre Rose Les Tuilieres,France,Rose,,Pinot Noir,DRY,Pale pink with aromas of ripe fruit intertwined with soft floral tones. The palate is delicately fruity with flavours of redcurrants and strawberries lifted by zesty notes.,16.99,,13.0,75.0,8,Unknown
Mâcon-Fuissé Vieilles Vignes 2016 Christophe Cordier,France,White,Rich ,Chardonnay,DRY,"Taken from vineyards in Macon-Vergisson, La Roche or Saint-Sera (from declassified Pouilly-Fuisse fruit), this wine is a great-value alternative to some of the more expensive Cordier wines, made from the 'Christophe Cordier' negociant arm. A medley of ripe apple and zesty lemon fruit characters creates great depth and intensity, with some body coming from careful use of oak. Slight mineral in the form of slate is detectable on the palate. Excellent as an apéritif or with any kind of salad or white meat, this wine is best enjoyed over the next couple of years.",16.99,,13.5,75.0,9,2016
Castaway Island Marlborough Sauvignon Blanc 2018,New Zealand,White,Fruity ,Sauvignon Blanc,DRY,"Teeming with gooseberry, fresh-cut grass and citrus, Castaway Island cuts no corners. It's unashamedly Marlborough, showing that you can still sip delicious Kiwi Sauvignon at a pocket-friendly price.",8.99,IWC 2019 - Commended Award,12.5,75.0,10,2018
Beefsteak Club Malbec 2017 Mendoza,Argentina,Red,Big ,Malbec,MEDIUM,"Mendoza's high altitudes and splendid sun make it a haven for bolshy, full-bodied reds with balancing acidity. Mendoza Malbec's popularity is thriving. And its prices are skyrocketing to match. Beefsteak Club is damson-and-mocha-stuffed proof that you can still grab it at a pocket-friendly sum.",9.99,"IWC 2019 - Silver Award, IWC 2017 - Commended Award",13.0,75.0,11,2017
Las Maletas Malbec 2018/19 Mendoza,Argentina,Red,Big ,Malbec,FULL,"Mendoza Malbec prices are booming with its worldwide popularity. So spanned the lofty-region to bring your black-fruit flavour at a bargain. It's chock full with complexity, soothing vanilla notes and balancing acidity.",8.99,,13.0,75.0,16,2018
Pinot Grigio Superiore 2018 Breganze,Italy,White,Crisp ,Pinot Grigio,DRY,"Breganze is nestled in the north of Italy. Laying in the shadows of the Alps, the grapes here ripen delicately over a generously long period. It's the ideal spot to craft the subtle Pinot Grigio in. With crisp apple, pear, citrus and a zippy acidity, it's no surprise this was the top Pinot Grigio of 2018.",8.99,,12.5,75.0,17,2018
Rioja Gran Reserva 2011 Viña Alarde,Spain,Red,Smooth ,Rioja,MEDIUM,"Founded in 1877 the Bodega in Cenicero in the Rioja Alta is now a modern winery, with cellaring facilities housing over 50,000 barrels, and this is where Berberana Gran Reserva is matured for a minimum 3 years in American oak cask and a further 3 years in bottle. Ruby red colour with tawny hues. Subtle aromas of ripe dark cherries and strawberries. Smooth and full-bodied palate, with luscious fruit laced with vanilla, cloves and dried fruits. Roast meats, pastas, tomato dishes, barbecues and game.",11.99,,14.0,75.0,19,2011
Catena Malbec 2017 Mendoza,Argentina,Red,Big ,Malbec,FULL,"Nicolás and Laura Catena have worked tirelessly in the discovery, identification and development of key microclimates in the high altitude wine country of Mendoza. Their Malbec uses this work and combines grapes from various altitudes to create a unique profile of aromas. Elegantly structured, and showing ripe blackberry and blackcurrant fruit flavours and plenty of peppery spice. The finish has distinct chocolate notes and crisp, refreshing acidity. The complex character, tannins and acidity help suit this wine to further ageing and it will comfortably last five years.",13.99,"IWC 2018 - Bronze Award, Decanter 2017 - Silver Award",13.5,75.0,20,2017
Rioja Blanco 2018 López de Haro,Spain,White,Rich ,Rioja,DRY,"Old vines craft the most flavourful grapes, and Lopez de Haro's are up to 80 years old. After a vigorous selection process, only the finest berries are squeezed. The juice is aged in oak for a generous three months. The result's brimming with ripe yellow fruits and a dusting with almonds.",9.99,IWC 2018 - Commended Award,12.5,75.0,21,2018
Rioja Crianza 2016 CVNE,Spain,Red,Smooth ,Rioja,MEDIUM,"Founded in 1879 by two brothers, Eusebio and Raimundo Real de Asúa, CVNE has remained in family hands, now in their fifth generation. CVNE has long been an innovator, embracing estate bottling and the extensive use of stainless steel. A lively cherry-red appearance leading to a nose of light summer fruits. This wine has undergone a period of one year in oak giving beautiful hints of vanilla amongst fruity cherry notes. A real treat, with a long and elegant finish. Partner with dry cured ham or roasted stuffed peppers.",9.99,IWC 2018 - Bronze Award,14.0,75.0,22,2016
"Rioja Reserva 2015, Dehesa de Lantana",Spain,Red,Smooth ,Rioja,MEDIUM,"Reservas are only made in the best vintages and a greater ageing period make them the perfect balance between rich Fruit and toasty oak. The Lantana is taken from a vintage officially rated as ""Very Good' by The Denominación de Origen Calificada Rioja. The result is a Reserva that shows notes of oak, smoke and ripe black fruit with leather hints.",9.99,,14.0,75.0,23,2015
"Rioja Crianza 2016, Dehesa de Lantana",Spain,Red,Smooth ,Rioja,LIGHT,"Just a short period in oak means this Crianza's all about the fruit. Aromas of raspberry, blueberry and oak meet mild hints of spice and toast. It's an elegant, full-bodied red with a luxuriously long finish.",8.99,,14.0,75.0,24,2016
Rioja Reserva Marqués de Riscal 2015,Spain,Red,Smooth ,Rioja,FULL,"Marqués de Riscal is one of Rioja's oldest wineries. It's only with almost two centuries of experience that you can craft a summer-fruit-and-vanilla-packed red this delectable. It's the silky, elegant and jammy red to bring comfort to your table with each sip.",16.99,,14.0,75.0,27,2015
The Ned Waihopai River Sauvignon Blanc 2018 Marlborough,New Zealand,White,Fruity ,Sauvignon Blanc,DRY,"It's our best-ever-selling white for good reason. Award-winning winemaker Brent Marris' vines thrive in Marlborough's stony soils. This Sauvignon nirvana creates a clean, mineral style, and you'll struggle to beat it for lip-smacking refreshment. Alive with notes of gooseberry, fresh-cut grass and nettle, the Ned is Kiwi Sauvignon at its best.",10.99,"IWC 2019 - Commended Award, IWC 2018 - Bronze Award, Decanter 2018 - Silver Award",13.0,75.0,29,2018
Grand Ardèche Chardonnay 2017 Louis Latour,France,White,Rich ,Chardonnay,DRY,"Louis Latour is a Burgundian king. Its cabinet is bursting with awards. But it also makes fantastic value whites outside the region. You just need to head slightly north the Rhône to the Ardèche Valley to save a packet. This is packed with ripe apple, peach and buttery vanilla notes. It's Beaune-style quality at a fraction of the usual asking fee.",13.99,,13.5,75.0,30,2017
Oyster Bay Sauvignon Blanc 2018 Marlborough,New Zealand,White,Fruity ,Sauvignon Blanc,DRY,"Oyster Bay is largely responsible for the Kiwi Sauvignon boom. Its very first vintage won 'Best Sauvignon Blanc' at the London Wine & Spirit Competition. So it's little wonder that its quintessential notes of gooseberry, tropical fruit and herbs have seen it fill Majestic customers' baskets time and again for years.",10.49,"IWC 2019 - Commended Award, IWC 2018 - Bronze Award, IWC 2017 - Commended Award",12.5,75.0,31,2018
Montagny 1er Cru 'Les Millières' 2018 Cave des Vignerons de Buxy,France,White,Crisp ,Chardonnay,DRY,"A Premier Cru from the Montagny appellation in Burgundy's Côte Chalonnaise. Cave des Vignerons de Buxy is an excellent, quality-conscious producer and, being a co-operative, offers excellent value for money. A delicious, fresh Chardonnay which has been fermented and matured in stainless steel tanks to preserve the pure peach, pear and acacia aromas. Soft and rich on the palate. Enjoy with cold cuts of ham, this is a genuine bargain not to be missed.",13.99,,13.5,75.0,36,2018
Mollydooker The Boxer Shiraz 2017 South Australia,Australia,Red,Big ,Shiraz,FULL,"The Boxer Shiraz is perhaps the lightest and most accessible of Mollydooker's reds, although by any other standards it is still a hugely full-bodied and voluptuous wine. Made from the fruit of Mollydooker's own vineyards, aged in a mixture of new and old American oak, this wine offers a swathe of lush, velvety berry fruit, and layer upon layer of sweet spice, vanilla and dense, polished tannins.",28.0,,16.0,75.0,38,2017
Mâcon-Lugny 2017 Louis Latour,France,White,Crisp ,Chardonnay,DRY,"The family-run négociant house of Maison Louis Latour has been producing and selling wines since 1797. The limestone-rich soils of the Lugny village produce rich, buttery yet still Burgundian styles of Chardonnay with the typicity and style of the Mâcon. Pale gold in colour, with a beguiling aroma of fresh apples, lemon curd and toasted citrus fruits atop a palate of fresh and crisp green-apple acidity, buttery and peachy fruit and a long, warming finish. Perfectly acceptable on its own as an afternoon apéritif or with poultry, pork or fresh seafood.",13.99,,13.0,75.0,39,2017
"Villa Maria Private Bin Sauvignon Blanc 2018/19, Marlborough",New Zealand,White,Fruity ,Sauvignon Blanc,DRY,"Wine advocate's Joe Czerwinski said: ""Villa Maria is undoubtedly one of New Zealand's great success stories"". Its excellence shines in notes of gooseberry, nectarine, pineapple and grapefruit. It's one of our best-rated Sauvignons going for good reason.",10.99,"IWC 2018 - Commended Award, IWC 2017 - Bronze Award",13.0,75.0,44,2018
Making Tracks Shiraz 2018,Australia,Red,Big ,Shiraz,MEDIUM,"There's no better way to start your Aussie expedition than with Shiraz, the jumbo grape that's taken on its own mammoth identity in Australia. 'Syrah' may have originated in the Rhone Valley, but this is unmistakably Australian. Big, bold and pounding with blackberry tangs- it's your splendid suitor for red meats and cheese. A rich, well balanced example of the Aussie classic. Lush black fruits coupled with touches of woodspice, liquorice and cassis follow through to a rich velvety finish. The perfect wine to take to a barbecue, best enjoyed with grilled burgers and sausages.",9.99,,14.5,75.0,45,2018
Caixas Albariño 2017/18 Rías Baixas,Spain,White,Crisp ,Albariño,DRY,"Robert Parker's Wine Advocate branded Martin Codax ""ambassador"" of Rías Baixas, the Cornwall of Spain. And it knows a thing or two about crafting citrus-packed, sea-salt licked Albariño. Look no further for a first-class example of the refreshing wine style.",10.99,,13.0,75.0,46,2017
Silver Ghost Sauvignon Blanc 2019 Central Valley,Chile,White,Fruity ,Sauvignon Blanc,DRY,The unbeatable value of Chilean Sauvignon makes it one of the world's most popular. This zippy apple-and-lime-boasting white is a prime example. It's your summer's afternoon refresher.,6.49,IWC 2019 - Commended Award,12.0,75.0,50,2019
Olivier Dubois Cuvee Prestige Pinot Noir 2017 VdF,France,Red,Fruity ,Pinot Noir,MEDIUM,"Don't be fooled by this low cost. This is squeezed from only the ripest fruit. It's then fermented in oak to make it all the more soothing. This Pinot Noir echoes Loire's finest appellations with an approachable, fruit-driven style.",8.99,,12.5,75.0,52,2017
Definition Marlborough Sauvignon Blanc 2018,New Zealand,White,Fruity ,Sauvignon Blanc,DRY,The Definition range captures the quintessential qualities of the world's greatest wine styles. Marlborough Sauvignon Blanc is Britain's favourite white wine. So finding this wasn't easy. It needed to be chock-full with layers of gooseberry. It had to boast punchy hints of passion fruit. That whiff of fresh-cut grass was imperative. You'll find it all in your glass.,10.99,,13.0,75.0,53,2018
"Marcelo Pelleriti Malbec 2018 Valle De Uco, Mendoza",Argentina,Red,Big ,Malbec,FULL,Marcelo Pelleriti is the first ever South American producer to score a perfect 100 Parker Point score. His clarets have scored higher than the priciest châteaux of Bordeaux. He's returned to Mendoza to craft this black-fruit-packed Malbec exclusively for Majestic customers. And this time he's proud enough to put his own name on it!,12.99,IWC 2019 - Silver Award,14.0,75.0,54,2018
Rioja Reserva Viña Ardanza 2009 La Rioja Alta,Spain,Red,Smooth ,Rioja,FULL,"Year in, year out Viña Ardanza scoops 90+ point scores from the biggest critics. La Rioja Alta, one of the region's top wineries, plucks every single grape by hand. This juice sees a luxurious 36 months in oak. These tricks bring an abundance of complexity to your glass. You're in for oodles of sweet cherry, blackcurrant and vanilla flavours.",26.99,"IWC 2017 - Bronze Award, Decanter 2017 - Silver Award",13.5,75.0,56,2009
The King's Legacy Chardonnay 2017 Marlborough,New Zealand,White,Rich ,Chardonnay,DRY,"This Chardonnay is sourced from two vineyards, one a mature plot in the centre of the Wairau Valley, the other a plot of younger vines in Brancott Valley. The grapes were fermented in large French oak casks using predominantly wild yeasts and allowed 10 months' on lees. An easily enjoyable Chardonnay that combines fresh apple, nectarine and tangerine flavours with subtle creaminess, hints of toasted almonds and a gently spicy complexity. Try this with seared scallops served with black pudding.",15.99,,13.5,75.0,58,2017
Last Batch Malbec,,Red,Smooth ,Malbec,MEDIUM,"You're a Malbec fan. So, you've almost definitely tried it from Mendoza. San Juan is the neighbouring region. Almost entirely in the Andean foothills, it boasts a cool climate, drop in night-time temperature, cooling 'Zonda' winds, and high altitude (this family-owned winery is 563 metres above sea level). This is the perfect sum for first-class Malbec.The winery picks and sorts every grape, nourished by fifteen-year-old vines, by hand. Only the best are squeezed, and the juice is treated to fermentation in luxury oak barrels. As you can imagine, this is a catalogue of expensive practices.",9.99,,13.5,75.0,60,Unknown
Rioja Reserva 2014 Beronia,Spain,Red,Smooth ,Rioja,MEDIUM,"In Northern Spain there is a long standing tradition of gastronomic societies, known in the region as Txoko , where locals meet friends to cook and share their passion for fine food and drink. In the 1970s one such group of friends formed a Txoko in the small town of Ollauri in Rioja Alta. Believing that no local wine could match the quality of their cooking, they decided to make their own...a wine worthy of partnering their culinary achievements! The result was multi award-winning Rioja winery; Bodegas Beronia. Deep ruby-maroon in colour, with plenty of density. The complex nose is dominated by cinnamon and clove notes, with hints of toasted bread. Plenty of warm fruit, sweet tannins, and a velvet texture. Drink with tapas of hard cheeses, Iberico ham, or embuchados.",17.99,,14.0,75.0,62,2014
Abbotts & Delaunay Viognier 2018,France,White,Fruity ,Viognier,DRY,"This Languedoc white delights with stone-fruit flavours and a dusting of spice. It's no surprise that this made it into 'Top Wines of 2018', flying the flag as the only Viognier.",9.99,IWC 2017 - Silver Award,13.0,75.0,63,2018
"Domaine Sainte Rose 'Le Pinacle Syrah' 2017, Côtes de Thongue",France,Red,Fruity ,Syrah,FULL,"Made in the Côte-Rôtie style, this alluring red from the innovative Ruth and Charles Simpson is really special. A 'true' Rhône Côte-Rôtie rarely falls below £40, so this Syrah and Viognier blend is really special. Like its famous rival, you'll find intense plum and liquorice aromas alongside pronounced black fruit, coffee and bitter chocolate flavours.",14.99,,14.5,75.0,64,2017
Pinot Noir Domaine de Valmoissine 2016 Louis Latour,France,Red,Fruity ,Pinot Noir,MEDIUM,"The conditions of Var, Southern France, are ideal for the difficult Pinot Noir grape. It's at a similar altitude to the finest Grand Crus, but because it's under the radar, you can pick this smooth, textured red, boasting elegant notes of ripe cherry, strawberry and vanilla, up at a steal.",13.99,IWC 2018 - Commended Award,13.5,75.0,65,2016
Devil's Creek Marlborough Sauvignon Blanc 2018,New Zealand,White,Fruity ,Sauvignon Blanc,DRY,"Foley Family Wines, the winery behind Devil's Creek, has scooped Decanter's coveted Platinum medal for its customer-favourite Russian Jack Sauvignon Blanc. Zippy, aromatic and bursting with gooseberry and passion fruit, this hits the same dizzy heights, boasting all the best of Marlborough and then some.",9.99,"IWC 2019 - Bronze Award, IWC 2018 - Bronze Award, Decanter 2018 - Bronze Award",13.0,75.0,66,2018
Definition Rioja Reserva 2013,Spain,Red,Smooth ,Rioja,FULL,"The Definition range captures the quintessential qualities of the world's greatest wine styles. It's only through delicate ageing that you'll taste Spain's most complex, rewarding flavours. From some of the best vines in Rioja, this Reserva's jam-packed with plenty of those.",13.99,,13.5,75.0,67,2013
Finca Carelio Tempranillo 2015 Vino de la Tierra,Spain,Red,Smooth ,Tempranillo,FULL,"Ribera wine commands some of the heftiest prices in Spain. Finca Carelio was initially classified as Ribera del Duero DO wine priced at £15. But we added Castilian grapes to pump up the juiciness. This meant it lost its Ribera label. But it saves you a wad. You'll love its complex layers of blackberry, leather and vanilla.",9.99,,14.5,75.0,69,2015
Rioja Reserva 2015 CVNE,Spain,Red,Smooth ,Rioja,FULL,"CVNE is a family-owned winery in the heart of Rioja. Its Reserva spends a huge eighteen months in oak. This softens tannins and imparts a delicate slather of vanilla to a fruit-driven bouquet of decadent autumn fruits, caramel and coffee.",13.99,,14.0,75.0,71,2015
Albariño Martín Códax 2017/18 Rías Baixas,Spain,White,Crisp ,Albariño,DRY,"You can thank Rías Baixas' kissing sea spray for this Albariño's refreshing style. It's only there, in the 'Cornwall of Spain', that you'll find such a wine. Light, delicate and bursting with stone-fruit aromas, it's the white ideal for a lazy Sunday afternoon.",13.49,"IWC 2019 - Silver Award, Decanter 2019 - Bronze Award, IWC 2018 - Bronze Award",13.0,75.0,72,2017
Château Caronne Ste-Gemme 2014 Haut-Médoc,France,Red,Big ,"Cabernet Sauvignon, Merlot",FULL,"Château Caronne Sainte-Gemme neighbours £50+-a-bottle-demanding Châteaux. It shares many of the same impeccable winemaking conditions. But because it's still under the radar, you can save a packet. It boasts everything you'd expect of the finest claret.",16.99,,13.0,75.0,73,2014
Penfolds Bin 28 Kalimna Shiraz 2016 South Australia,Australia,Red,Big ,Shiraz,FULL,"Bin 28 offers a showcase of warm-climate Australian Shiraz - ripe, robust and generously flavoured. First made in 1959, Bin 28 is named after the famous Barossa Valley Kalimna Vineyard purchased by Penfolds in 1945 and from which the wine was originally sourced. Today, Bin 28 is a multi-region, multi-vineyard blend, with the Barossa Valley always well represented. Drink now - 2025.",33.0,,14.5,75.0,74,2016
Valle Antigua Merlot 2017,Chile,Red,Big ,Merlot,FULL,This bang for your buck red's the result of grapes bathing in the splendid Chilean sun. Don't be fooled by the low price tag. It'll deliver buckets of plummy flavour time and again. A touch of oak influences lifts this red with an alluring vanilla hint.,7.99,IWC 2019 - Commended Award,12.5,75.0,75,2017
Kangarilla Road Shiraz 2017/18 McLaren Vale,Australia,Red,Big ,Shiraz,FULL,"Packed with black fruits, dark chocolate and a creamy texture, this Shiraz shows exactly why the Kangarilla Road winery was given the top 'Five Red Star' rating by Australia's leading wine critic, James Halliday.",13.99,,14.5,75.0,77,2017
Châteauneuf-du-Pape Prestige Des Princes 2016,France,Red,Smooth ,"Syrah, Grenache",FULL,"Prestige Des Princes is brimming with fresh red and black fruits, a dusting of herbs and a kick of sweetly-spiced pepper. It's proof that you don't need to remortgage to get top-shelf Châteauneuf-du-Pape.",24.99,IWC 2017 - Silver Award,15.5,75.0,79,2016
Russian Jack Sauvignon Blanc 2017 Marlborough,New Zealand,White,Fruity ,Sauvignon Blanc,DRY,"This wine is made by Martinborough Vineyards, who have branched out from their home in New Zealand's North Island, sourcing their Sauvignon grapes from certified sustainable vineyards across the water in Marlborough's Wairau Valley. Typically intense and concentrated, offering a backbone of gooseberry and passion fruit flavours supported by aromas of lime blossom and elderflower. Incisive citrus acidity provides a clean finish. Drink with spicy oriental salads.",11.99,"IWC 2018 - Bronze Award, IWC 2017 - Commended Award, Decanter 2017 - Commended Award",12.5,75.0,81,2017
Chateau Tour Bayard Montagne 2015,France,Red,Smooth ,"Merlot, Cabernet Franc",FULL,"This meticulously managed property has be owned by the Nicoletti since 1956. Hand picking and sorting of the grapes is the norm and the intention is to always make the best quality wine that speaks of its fine terroir. This is a smooth and powerful wine with big flavours of blackcurrant, liquorice and sweet spices. It is drinking beautifully now but could equally be aged for another 5 years. Try this with a rare roast joint of beef.",15.99,Decanter 2018 - Bronze Award,14.5,75.0,82,2015
"Villa Maria 'Taylor's Pass' Sauvignon Blanc 2018, Marlborough",New Zealand,White,Fruity ,Sauvignon Blanc,DRY,"Taylor's Pass was the only Sauvignon Blanc to win 'Best in Show' at 2019's Decanter World Wine Awards. You'll taste why in masterfully integrated notes of grapefruit, lime zest, blackcurrant and fresh-cut grass. It's a first-class Kiwi Sauvignon.",15.99,,13.5,75.0,83,2018
Tenacity Old Vine Shiraz 2018,Australia,Red,Big ,Shiraz,FULL,"Full of robust and concentrated blackcurrant flavours this is a fabulous example of Australian Shiraz from old vines.Rich, smooth and completely in balance we have a limited number of these stunning bottles available so snap them up while you can.",14.99,,14.0,75.0,84,2018
Cloudy Bay Sauvignon Blanc 2018 Marlborough,New Zealand,White,Fruity ,Sauvignon Blanc,DRY,"Cloudy Bay crafts one of the world's most prestigious Sauvignons. It's bagged 90+ Parker Point scores year in, year out. You'll taste just why in complex layers of guava, gooseberry, tropical fruits and a dusting of fresh herbs.",25.99,,13.0,75.0,85,2018
Incanta Pinot Noir 2018,Romania,Red,Fruity ,Pinot Noir,MEDIUM,"Love Pinot Noir but not the lofty sum it usually demands? Head off the beaten track to discover juicy notes of redcurrant, raspberry and jam. It would cost at least twice the price if Romania wasn't still under the radar.",7.99,,12.5,75.0,88,2018
Ch St Michelle Cabernet Sauvignon 2016,,Red,Big ,Cabernet Sauvignon,MEDIUM,This Cabernet from Washington's oldest winery is packed with ripe blackcurrant and blackberry flavours. Notes of cedar and vanilla follow on to a silky smooth finish that lingers on the palate. Notes of cedar and vanilla follow on to the silky smooth finish that lingers on the palate with the black currant and plum. The most perfect suitor: Prosciutto wrapped stuffed dates with blue cheese. A must.,15.99,,13.5,75.0,89,2016
Viñalba Reserve Malbec 2017 Mendoza,Argentina,Red,Big ,Malbec,FULL,"This is made by the first person ever to bottle pure Malbec in Argentina. You'll taste his expertise in decadent notes of dark fruit, cocoa and lip-smacking melted tannins. It's a unique expression of Mendoza's finest spot, Uco Valley.",12.99,"IWC 2019 - Silver Award, Decanter 2019 - Bronze Award, IWC 2018 - Bronze Award, Decanter 2018 - Silver Award",14.5,75.0,90,2017
Alamos Uco Valley Malbec 2018,Argentina,Red,Big ,Malbec,FULL,"The grapes for Alamos are grown at an altitude of between 3,000 and 5,000 feet where the temperature variation allows the grapes to grow slowly developing more flavour. Hand harvesting and sorting ensure only the best grapes are used to make the wine. This wine is all about bright red and black berry fruits. It is soft and harmonious with just a touch of spice on the smooth finish. A great match for a rare steak or grilled sausages.",9.99,,13.5,75.0,93,2018
Fleurie 2018 Georges Duboeuf,France,Red,Fruity ,Gamay,MEDIUM,"The finest Gamay is supple with soft tannins and a lip-smacking minerality. You'll find it at its best in Fleurie, the most sought after cru in Beajoulais. Georges Duboeuf was nicknamed 'King of Beaujolais'. He's the man behind this bottle. It really is top-shelf Gamay. It's red-fruit-soaked excellence.",12.99,,13.0,75.0,94,2018
Silver Ghost Cabernet Sauvignon 2016 Central Valley,Chile,Red,Big ,Cabernet Sauvignon,MEDIUM,Chile's where you'll find unbeatable bang for your buck. You can slash the asking price of other New World Cabernets in two by heading there. An abundance of juicy red fruits and tangy blackcurrants will soak your palate.,6.49,,12.0,75.0,96,2016
"Copper Kingdom Barossa Shiraz, 2017",Australia,Red,Smooth ,Shiraz,MEDIUM,"Full bodied, jammy and fruity. It's an intense, powerful explosion of blackcurrants, blackberries. Pair with autumn's heartiest meals to test your next steak's mettle.",14.99,,14.5,75.0,98,2017
Definition Marlborough Pinot Noir 2017,New Zealand,Red,Fruity ,Pinot Noir,MEDIUM,"The Definition range captures the quintessential qualities of the world's greatest wine styles. Marlborough is the hub of New World Pinot. The best rivals red Burgundy at a fraction of the asking price. Silky, juicy and full of elegant notes of raspberry, dark cherry and snappy acidity, this hits the nail on the head.",15.99,"IWC 2019 - Commended Award, IWC 2018 - Silver Award, IWC 2017 - Bronze Award, Decanter 2017 - Bronze Award",13.5,75.0,99,2017
Pinot Grigio Rosato 2018 Delle Venezie,Italy,Rose,,Pinot Grigio,DRY,"Sheltered by the shadows of the Alps, the grapes squeezed to craft this grow plump over a deliciously long ripening period. When we first tasted this rosé's delicate layers of raspberry and white flowers, we bought the lot to secure you a bargain.",8.99,IWC 2019 - Commended Award,12.5,75.0,100,2018
La Belle Angele Sauvignon Blanc 2017/18,France,White,Fruity ,Sauvignon Blanc,DRY,"This is proof that tearing up the region-based rule book saves you a packet. Bursting with aromas of crisp apple and gooseberry, you'd be forgiven for being convinced that it demands a much higher sum.",8.99,,12.0,75.0,102,2017
Mud House Sauvignon Blanc 2018 Marlborough,New Zealand,White,Fruity ,Sauvignon Blanc,DRY,"Mud House Wines was started in 1996, and is a producer focused on sustainable viticulture. Just over half the fruit for this wine is sourced from their own Woolshed vineyard in the Upper Wairau Valley, with the remainder sourced from partner growers. Pale straw yellow, with perfumed aromas of fresh grapefruit, guava and hints of nettles. Crisp, concentrated and vibrant on the palate, combining citrus and tropical fruit with green vegetal undertones. Chill well and enjoy on its own or with light summery rice or pasta dishes.",9.49,IWC 2017 - Commended Award,12.5,75.0,104,2018
"The Ned Pinot Noir 2017 Southern Valleys, Marlborough",New Zealand,Red,Fruity ,Pinot Noir,MEDIUM,"Pinot Noir's the king of Kiwi reds, so even the best winemakers feel the pressure when they turn it into wine. Luckily, Brent Marris, the man behind The Ned, is a seasoned expert. Plucked from the best spots in Marlborough and boasting elegant notes of red berries and vanilla, his Pinot is truly phenomenal.",14.99,"IWC 2019 - Bronze Award, IWC 2018 - Silver Award",13.5,75.0,105,2017
Valle Antigua Sauvignon Blanc 2019,Chile,White,Fruity ,Sauvignon Blanc,DRY,"The Colchagua Valley is a paradise for growing grapes with a Mediterranean climate and a large difference between daytime and night time temperatures allows the grapes to ripen slowly developing intense flavours and aromas. This is a bright, fresh and fruity wine with citrus and green apple flavours in abundance. Additional complexity and richness is added by a period of less ageing. Enjoy this with spicy prawn dishes.",7.99,,12.5,75.0,106,2019
Ravenswood Lodi Zinfandel 2017,USA,Red,Big ,Zinfandel,FULL,"Surviving prohibition by a legal loophole, Lodi boasts some of America's most ancient Zinfandel vines. Old vines craft the juiciest grapes. So it's no surprise that this pumps with black-fruit flavour. If you like a full-bodied red with gallons of taste, you'll love this.",14.99,,14.5,75.0,107,2017
Definition Chardonnay 2018,France,White,Rich ,Chardonnay,DRY,"The Definition range captures the quintessential qualities of the world's greatest wine styles. French Chardonnay makes a credible claim as the world's best. You can easily find some that demand a remortgage. For this, we went to a winemaker who won 500 medals in just five years. He's hit the nail on the head with this oaked white that's brimming with apple, brioche and peach. Sip this and you'll be convinced it's white Burgundy.",11.99,,13.5,75.0,109,2018
"The Chocolate Block 2017 Boekenhoutskloof, Western Cape",South Africa,Red,Big ,"Viognier, Cabernet Sauvignon, Syrah, Grenache, Cinsault",FULL,"Chocolate Block is our best-ever-selling fine wine. It's unique with every vintage. Only the finest grapes are picked, and the blend's tweaked every year to reflect the very best of the growing season. You're in for a complex bouquet of blackcurrants, raspberries and a slick lick of mocha.",25.0,,14.5,75.0,111,2017
Definition Malbec 2018,Argentina,Red,Big ,Malbec,FULL,"The Definition range captures the quintessential qualities of the world's greatest wine styles. Mendoza Malbec's so delicious, the grape's more associated with Argentina than its native France. So capturing the essence of the black-fruit-packed style wasn't easy. It took plenty of plum, mocha and warming spice aromas. That's exactly what you're in for.",11.99,IWC 2018 - Commended Award,14.5,75.0,112,2018
Vavasour Chardonnay,,White,Fruity ,Chardonnay,DRY,"Marlborough's Awatere Valley is a notably cooler pocket of the world-famous region, with deep rocky soils that one stoked the belief that it wasn't land ripe for vines. In 1890, the Vavasours arrived in Awatere and their pioneering spirit has since dispelled this myth and established the Awatere as an essential site for premium wines from New Zealand.",16.99,,14.0,75.0,113,Unknown
Rioja 'Seleccion Especial' 2017 Ramón Bilbao,Spain,Red,Smooth ,Rioja,MEDIUM,"This Rioja's made from grapes plucked from 40-year-old vines on one sole vineyard. Single vineyard wines are unique, and this is brimming with red fruits and a snappy acidity. It's young Rioja at its best. Spain is where you'll find the best bang for your buck. But even by the standards of the country this is a steal.",9.99,Decanter 2017 - Silver Award,14.0,75.0,116,2017
Rustenberg Sauvignon Blanc 2019 Western Cape,South Africa,White,Fruity ,Sauvignon Blanc,DRY,"This Sauvignon Blanc has echoes of white Bordeaux, with its 5% Semillon adding a streak of complexity and additional body to the blend. Free-run and gently pressed juice is used to minimise the presence of bitter tannins, and 2-3 months' lees ageing adds to the texture. Aromas of green peppers, asparagus and gooseberry fill the nose, while the palate displays a riper character, with underlying pineapple and passionfruit notes providing a layered feel. Equally adept as a partner for shellfish or lobster as it is for roasted sea bass.",11.99,IWC 2017 - Commended Award,13.5,75.0,117,2019
Definition Pinot Grigio DOC 2018,Italy,White,Crisp ,Pinot Grigio,DRY,"The Definition range captures the quintessential qualities of the world's greatest wine styles. The Pinot Grigio entrant had to be dry. It had to be jam-packed with citrus. It had to pounce with energy and freshness. So we went to a family winery in Delle Venezie, the Pinot Grigio heaven. Grapes ripen luxuriously in an Alpine climate here to bring buckets of taste to your glass.",9.99,,12.5,75.0,118,2018
Alain Grignon Carignan Vieilles Vignes 2017/2018 PGI Pays de l'Hérault,France,Red,Fruity ,Carignan,MEDIUM,Alain Grignon's vines are 40-years-old on average. Old vines nourish the tastiest grapes. So it's no surprise that this Carignan's buckets of ripe black cherry flavour made sure it was one of our 'Top Wines of 2018'.,7.99,,12.5,75.0,119,2018
Côte de Beaune-Villages 2014 Louis Jadot,France,Red,Fruity ,Pinot Noir,MEDIUM,"A blend of Pinot Noir wines made from vineyards throughout the Côtes de Beaune, from Savigny in the north of the region, to Pommard in the south. Fermentation is in traditional open vessels, followed by an average of 18 months in oak, before final blending for bottling. An elegant and sophisticated wine, combining a firm acidic structure with a good weight of forest fruit flavours on the mid-palate, and a mellow texture leading to a fine and linear finish. Cellar for up to 6 years. Drink with a selection of cheeses and smooth patés.",22.99,,13.0,75.0,120,2014
"Blind River Sauvignon Blanc 2018 Awatere Valley, Marlborough",New Zealand,White,Fruity ,Sauvignon Blanc,DRY,"From Marlborough's Awatere Valley, the vineyard sits between the Southern Alps and the Pacific Ocean. Deep, stony, clay soils on river terraces, the vineyard's five blocks vinified individually before being carefully blended to achieve the ultimate in style and quality. Aromas of tropical fruit, citrus, green apples and a fresh herbaceousness lead to intense flavours - the barrel-ferment portion adds complexity while mineral characters provide backbone. Wonderful with goats' or feta cheese, fresh seafood, or dressed Mediterranean salads.",11.99,"Decanter 2019 - Commended Award, IWC 2018 - Silver Award, Decanter 2018 - Gold Award, IWC 2017 - Commended Award",13.0,75.0,121,2018
Jim Barry Cover Drive Cabernet Sauvignon 2015 Coonawarra,Australia,Red,Big ,Cabernet Sauvignon,FULL,"Coonawarra is the Bordeaux of Australia. Jim Barry is one of the region's top wineries, awarded a perfect 'Five Red Stars' by leading Aussie wine critic James Halliday. You'll taste it in ripe notes of black fruits and cedar. This would cost at least twice the price if it was French.",13.99,,14.0,75.0,122,2015
"""The Astronomer"" Chardonnay 2018 De Bortoli",Australia,White,Rich ,Chardonnay,DRY,"De Bortoli practice high input viticulture with a huge emphasis on site selection and the use of mature vines. This approach has enable them to produce, among many others, the great sweet wine Noble One. The same care is applied to this entry level Chardonnay. Carefully selected yeast gives this wine a creamy texture with flavours of peach and nectarine and just the slightest hint of vanilla. The creamy texture is balanced by fine acidity. This is best enjoyed with a creamy fish pie.",6.99,,13.0,75.0,123,2018
La Réserve de Léoville-Barton 2016 St-Julien,France,Red,Big ,"Cabernet Sauvignon, Merlot, Cabernet Franc",MEDIUM,"From the gravelly dunes of Léoville-Barton's vineyards, leading down to the bank of the Gironde, La Réserve is the second wine of this famous property. As an earlier drinking version of the grand vin, this is real value for money. With a classic 'left bank' nose of smoky blackberry fruit and pencil lead, the palate is rich and rounded with assertive tannins, ample fruit and well integrated oak. Serve with shoulder of lamb braised in wine. Drinking well at the moment, but will keep for another 5 or so years.",36.99,,13.0,75.0,124,2016
Mâcon Rouge 'Les Roches Rouges' 2017 Louis Jadot,France,Red,Fruity ,"Pinot Noir, Gamay",LIGHT,"The gentle, rolling hills of the Mâconnais region in the south of Burgundy makes fresh and fruity wines accessible in their youth. This wine is sourced from several vineyard sites to create a light and supple blend of around 80% Gamay and 20% Pinot Noir. An enticing nose showing subtle hints of redcurrant and raspberry, with a fruity, well-balanced palate and a fresh finish. Best consumed while fresh and young, making the perfect red for white meat.",13.99,,12.5,75.0,126,2017
The Ned Pinot Grigio 2018 Marlborough,New Zealand,White,Crisp ,Pinot Grigio,DRY,"Brent Marris blew expectations out of the water when he crafted The Ned Sauvignon Blanc, our best-selling Sauvignon. He's done the same with this. Forget everything you expect from Pinot Grigio. This has all the exotic charm that you'll only find in this spot of New Zealand.",10.99,IWC 2017 - Bronze Award,14.0,75.0,129,2018
Rioja Gran Reserva 2011 Marqués de Cáceres,Spain,Red,Smooth ,Rioja,FULL,"A blend of 85% Tempranillo and a 15% mix of Graciano and Garnacha Tinta, this wine is only made in ""excellent"" or ""very good"" vintages. It undergoes nearly two-and-a-half years ageing in highest quality oak barrels, followed by further ageing in bottle before release. Showing great complexity with notes of roasted coffee, spice, plum and strawberry. Powerful in the mouth with fleshy fruit and nuances of toasty, well-integrated oak leading to a long, balanced finish. Can be drunk now with grilled meats or game, or cellared successfully for the next 10 years.",22.99,,14.0,75.0,133,2011
Acacia Road Sauvignon Blanc 2018,South Africa,White,Fruity ,Sauvignon Blanc,DRY,South Africa is a fabulous place to look for innovative and great value wines. This Sauvignon is lively and fresh with an abundance of zingy grapefuit and apple flavours softened by hints of ripe melon. Grapefruit and green apple shine from the glass with a lovely honeydew melon to soften the finish A marvellous addition to a lovely fish dish or mixed vegetable platter.,7.99,,12.5,75.0,134,2018
Definition Medoc Claret 2015,France,Red,Big ,"Merlot, Cabernet Franc",MEDIUM,"The Definition range captures the quintessential qualities of the world's greatest wine styles. Finding the essence of Bordeaux, the globe's most prestigious region, was a huge task. So we went to Médoc, where you'll find the world's priciest bottles, and a family that's royalty here. The delicious result's packed with blackcurrants and cedar. It's the finishing touch to your Sunday roast.",11.99,,13.0,75.0,135,2015
Araldica Barbera d'Asti DOCG,Italy,Red,Big ,Barbera,LIGHT,"When it comes to lavish, supple reds that partner beautifully with richly-flavoured food you needn't look further than Italy. Indulge in Araldica Barbera's cocoa-and-spice-stroked palate of red cherry and dried fruit.",9.99,,14.5,75.0,136,Unknown
"Bird in Hand 'Two in the Bush' Chardonnay 2018, Adelaide Hills",Australia,White,Rich ,Chardonnay,DRY,"Founded in 1997, Bird in Hand has quietly become one of Australia's most acclaimed wineries. However, this year the secret got out. Bird in Hand won 'Red Winemaker of the Year' at the International Wine Challenge and became this year's most sought-after Aussie winery! So don't miss this Chardonnay picked from the Adelaide Hills. Fermented in Burgundian barrels, it's wonderfully textured with notes of yellow peach, melon and nougat.",14.99,,13.0,75.0,137,2018
Pouilly-Fumé 'Les Griottes' 2018 Jean-Pierre Bailly,France,White,Fruity ,Sauvignon Blanc,DRY,"Grapes from up to 40 year old vines planted on the argilo limestone and kimmeridgian clay, more commonly associated with the Chablis region, imbues the wine with Pouilly-Fumé's classic richness, smokiness and complexity. Rich and smoky on the nose, with subtle limes, white florals and honeysuckle atop a palate of fresh, clean and vibrant acidity, citrus fruit flint, minerality and green peppers. A long and layered finish. Enjoy over the next three years with asparagus in hollandaise, Caesar salad or shellfish.",15.99,,13.5,75.0,138,2018
Barista Pinotage 2018 Western Cape,South Africa,Red,Big ,Pinotage,MEDIUM,"From the Val de Vie wine estate in the heart of the cape winelands, where wine production dates back to 1825. This is a deliberately modern offering by winemaker Bertus Fourie, who has concentrated on drawing out the coffee-like aromas of South Africa's signature grape. Intense on the nose, with a bouquet of coffee, chocolate and cherry, with meaty, savoury hints. The tannins are ripe, perfectly suiting the round and mouth-filling plum and mulberry fruit. Drink on its own or with red meat dishes. Bertus' recommends a blue-cheese-filled brandy snap with chocolate and roasted coffee beans!",9.99,,13.0,75.0,139,2018
Rioja Reserva 2014 Viña Alarde,Spain,Red,Smooth ,Rioja,FULL,"Founded in 1877 by Don Miguel Martínez Berberana, this is now one of the best selling Riojas. The Reserva is matured for a minimum 2 years in American oak cask and only released when it is ready to drink. Deep ruby red, with delicious vanilla overtones backed up by juicy soft strawberry and morello cherry flavours. Round and full, well balanced, long and elegant. A good choice for roasted red meats such as lamb, or with stews and casseroles.",9.99,,13.5,75.0,140,2014
Puligny-Montrachet 2015 Domaine Jomain,France,White,Rich ,Chardonnay,DRY,"From a family-run estate that follows in the principles of 'lutte raisonnée', ensuring that the use of chemicals in the vineyard is kept to a minimum. Hand-harvested grapes are aged in oak barrels for 15 months. A lean, smooth wine showing notes of citrus, pear and hazelnut on the nose, and hints of vanilla and spice on the palate. Crisp, elegant and refreshing with a long elegant length. Try this delicious wine with herb marinated Langoustines, crayfish or tuna carpaccio.",45.0,,13.0,75.0,141,2015
Riccitelli Pie Franco Malbec 2016,,Red,Big ,Malbec,MEDIUM,"Old Malbec vines, planted in the early decades of the 20th century, provide the grapes for this rich and decadent wine. Big plum and black cherry flavours are followed by spicy and chocolate notes on the silky smooth finish.",30.0,,14.5,75.0,142,2016
Two Hands 'Lilys Garden' Shiraz 2016 McLaren Vale,Australia,Red,Big ,Shiraz,FULL,"Two Hands winery was started by Michael Twelftree and Richard Mintz in 1999. In 2000 they started with just 17 tonnes of fruit from the McLaren Vale and Padthaway wine regions. By 2004 they were in a position to open the Marananga winery, specifically for small batches. An intoxicating perfume of hot stones, North African spices, leather and dried fuit leads to a palate of incredible richness, concentration and purity. This titan of a wine will definitely benefit from decanting if opened now and needs hearty flavours, so think stews or roasted meats.",40.0,,15.0,75.0,143,2016
Martinborough Vineyard Te Tera Pinot Noir 2017 Martinborough,New Zealand,Red,Fruity ,Pinot Noir,MEDIUM,"Martinborough Vineyard is one of the pioneers that put New Zealand Pinot Noir on the map, back in the mid 1980's. A cool, maritime climate results in a natural low vigour site and ensures high quality, consistent, ripe fruit. The nose displays succulent ripe cherry, berry and plum fruits combined with savoury notes and a hint of mocha. Fine tannins complement the fruit giving further texture and a generous lingering finish. An elegant Pinot Noir that is approachable in style and whilst drinking well, will reward further cellaring. Partner with roast lamb.",16.99,Decanter 2017 - Silver Award,13.0,75.0,145,2017
Mayu Carmenere Apassimento 2016,,Red,Big ,Carmenere,FULL,Italian technique meets Chile's ideal growing conditions to create this incredibly lush wines. The dried grapes add notes of coffee to the bold flavours of cherry and dark plum.,12.99,,14.5,75.0,146,2016
Rioja Reserva 2015 Muga,Spain,Red,Smooth ,Rioja,FULL,"Founded by Isaac Muga Martínez and his wife, Auro Caño in 1932, in Haro, at the Western end of Rioja Alta. After fermentation the wine is aged for 6 months in large traditional vats, before 24 months in small oak barrels, and a further year in bottle before release. An enticing and complex nose of pain grille, pencil lead, and blackberry leads into an elegant wine with layers of flavour, fruit and sweet-spice with ripe and integrated tannins and a lengthy finish. This wine can age for up to seven years but is eminently drinkable now. Enjoy with roasted meats, Moroccan lamb ot soft cheese.",18.99,,14.0,75.0,147,2015
Edna Valley Pinot Noir 2017,USA,Red,Fruity ,Pinot Noir,MEDIUM,"Edna Valley is one of the few valleys in California to enjoy an east-west orientation. This allows Pacific mists to drift inland and cover the whole length of the valley, cooling the vineyards, thereby creating a longer ripening season ideal for temperamental Pinot Noir. Aromatically complex, offering subtle notes of rose petal, cola and earth against a backdrop of bright cherry fruit. Fine yet ample tannins provide a mouth-filling texture and plenty of length. Try with Peking duck.",15.99,,14.0,75.0,148,2017
Esprit de Begude Pinot Noir 2018 Haute Vallée de L'Aude,France,Red,Fruity ,Pinot Noir,MEDIUM,"From a specially selected vineyard site on Domaine Begude's organically farmed estate near Limoux, in the foothills of the Pyrenées, this is a refined and classically styled Pinot. Low-volume production has ensured boutique-like levels of quality and refinement. An elegantly structured Pinot Noir with ripe redcurrant, raspberry and blackcurrant fruit framed by ripe tannins. Subtly gamy savoury notes and hints of wild herbs and earth. A great match for most meats, particularly roast duck or game birds.",17.99,,13.0,75.0,149,2018
Luis Felipe Edwards Gran Reserva Chardonnay 2018 Casablanca Valley,Chile,White,Rich ,Chardonnay,DRY,The Luis Felipe Edwards winery is no stranger to the praise of both Robert Parker and Tim Atkin MW. But it still makes fantastic produce at a pocket-friendly price. Punchy notes of stone fruit and ripe apple are licked by a rich slather of vanilla. This would cost gallons more in the Old World.,9.99,"Decanter 2019 - Bronze Award, IWC 2018 - Bronze Award",13.5,75.0,152,2018
"Kaiken Seleccion Especial Malbec 2018, Mendoza",,Red,Big ,Malbec,FULL,"Aurelio Montes is Chile's most decorated winemaker. His Purple Angel wine is counterfeited the world over. It sells for $150+ in the US. Turning his sights to Argentina, he's crafted the Kaiken series. A heady bouquet of strawberry and blackcurrant meets a decadent slather of vanilla, showing that Montes knows just as much about Argentinian terroir.",9.99,,14.0,75.0,153,2018
Emma Marris Sauvignon Blanc,New Zealand,White,Fruity ,Sauvignon Blanc,DRY,"Aromatically intense with a rich mouthfeel and burtsing with gooseberry, citrus and herbal flavours this is Emma Marris' personal take on a New Zealand classic.",11.99,,13.0,75.0,154,Unknown
Chablis 1er Cru Fourchaume Domaine Chatelain,France,White,Crisp ,Chardonnay,DRY,"The wines of the Premier Cru Fourchaume vineyard are noted for their rounded citrus flavours and fresh streak or minerality. At their best, such as this example, these wine approach Grand Cru quality.",27.99,,13.5,75.0,155,Unknown
Pinot Grigio Villa Vito 2018,Italy,White,Crisp ,Pinot Grigio,DRY,"Clean, fresh and thirst-quenching, this sublime Pinot Grigio is everything you'd expect from Italy's most famous grape. With brisk citrus and green apple flavours chased by hints of white flowers and a luxurious finish, it's an ideal midweek tipple.",7.99,,12.0,75.0,156,2018
"Hey Malbec! 2018 Matias Riccitelli, Mendoza",Argentina,Red,Big ,Malbec,FULL,"Hey Malbec! was the Malbec of 2018. It's crafted opposite Cheval des Andes, the producer of Argentina's most expensive Malbec (selling for eight times this price). Pumping with black fruits, violets, a dusting of black pepper and soft tannins, it's an exquisite expression of what Mendoza can produce.",12.99,,14.0,75.0,157,2018
SGJ Pinot Noir,Germany,Red,Big ,Pinot Noir,LIGHT,"Punchy notes of cherries, blackcurrants, vanilla and chocolate weave through subtle tannins, leading to a velvet-laden finish. It's the poultry partner to make your autumn.",12.99,,13.5,75.0,158,Unknown
Winemaker Series Shiraz 2016,Australia,Red,Big ,Shiraz,FULL,"For our Shiraz we turned to one of our favourite Australian winemakers, Kevin O'Brien from Kangarilla Road, who has worked with us for 20 years. This is a rich, deep and complex expression of Shiraz with loads of dark fruit flavours.",11.99,,14.5,75.0,159,2016
Edna Valley Chardonnay 2017,USA,White,Rich ,Chardonnay,DRY,The Edna Valley is one of the few Californian valleys to catch cool Pacific mists. The result: a seemingly endless grape-ripening period that means its Chardonnay rivals Burgundy for complexity. Textured tropical fruit and toasted oak are rounded with a slather of cream.,15.99,,14.0,75.0,160,2017
Parcel Series Chilean Sauvignon Blanc,Chile,White,Fruity ,Sauvignon Blanc,DRY,"Quintessential aromatics are the first thing you'll notice with this Sauvignon Blanc. Grapefruit, lime and fennel are immediately apparent. On the pallet, you'll find a refreshing crest of acidity supported by lip-smacking green citrus.",11.99,,13.0,75.0,162,Unknown
"Bourgogne Blanc 2017, Collovray et Terrier, Burgundy",France,White,Rich ,Chardonnay,DRY,"The often dizzying prices of white Burgundy will come as no surprise to those already converted to the style. Burgundy's climate, soil and commitment to tradition marry for a sublime set of conditions for the humble Chardonnay grape. This release from Collovray et Terrier is crafted of grapes throughout the region, meaning that you can snap up fantastic quality at a snip of the price! This Bourgogne Blanc is rich with a remarkably refined structure. It is well-rounded on the palate, brimming with lush fruit flavours of citrus and peach. Clarifying hints of minerality and gentle strokes of white flowers emerge and lead you comfortingly to a long and intense finish. For dining perfection, you needn't look further than this beautiful bottle.",14.99,,13.0,75.0,167,2017
Château Tronquoy-Lalande St Estephe 2013,France,Red,Big ,"Cabernet Sauvignon, Merlot, Petit Verdot, Cabernet Franc",MEDIUM,Charming and seductive the 2013 has an abundance of pure strawberry and blackberry flavours. Soft and harmonious with fully integrated tannins this is drinking wonderfully now.,29.99,,13.0,75.0,168,2013
Faustino Rivero Ulecia Vendimia Seleccionada Rioja,,Red,Smooth ,Rioja,MEDIUM,"Delve into a blissful meeting of lush strawberry fruit flavour, soothing vanilla notes and hints of uplifting spice. The perfect red to unwind with.",10.99,,13.0,75.0,170,Unknown
Alheit Limited Release Chenin Blanc,South Africa,White,Fruity ,"Chenin Blanc, Chenin Blanc",DRY,"Consistently ranked as one of the 5 best wineries in South Africa, Alheit create wines of pure flavours and concentration as amply demonstrated by this fine crisp and fruity Chenin.",19.99,,13.0,75.0,171,Unknown
Luis Felipe Edwards Gran Reserva Merlot 2018 Colchagua Valley,Chile,Red,Big ,Merlot,FULL,"The Luis Felipe Edwards winery is no stranger to the praise of both Robert Parker and Tim Atkin MW. But it still makes fantastic produce at a pocket-friendly price. Soft tannins allow gallons of cherry, blackberry and strawberry flavours to reign supreme.",9.99,Decanter 2019 - Commended Award,14.5,75.0,173,2018
Majestic Loves Chardonnay 2018,South Africa,White,Rich ,Chardonnay,DRY,"A real gem, our Majestic Loves Chardonnay is produced by decades-old vines in the Robertson area of South Africa. Expect plenty of fresh citrus, lime and tropical flavours. A superb choice with poultry.",6.99,IWC 2018 - Bronze Award,13.5,75.0,176,2018
Chalk Bay Sauvignon Blanc,New Zealand,White,Fruity ,Sauvignon Blanc,DRY,An elegant Sauvignon Blanc with aromas of gooseberies and tropical fruit leading to a crisp and refreshing finish. Enjoy on its own or with grilled fish or fresh salads.,7.99,,12.0,75.0,177,Unknown
Petit Perdigal Rouge 2018,France,Red,Fruity ,"Syrah, Grenache, Cinsault",MEDIUM,"Leon Perdigal, perhaps better known for crafting Châteauneuf-du-Pape, added grapes from outside the Côtes du Rhône appellation to this blend. This means it's declassified. But don't be fooled - packed with red fruits, spice spice and that all-important dusting of pepper, this is everything you'd want from a Côtes du Rhône red.",7.99,IWC 2019 - Silver Award,14.5,75.0,178,2018
Capaia One 2015,South Africa,Red,Big ,"Cabernet Sauvignon, Merlot, Cabernet Franc",FULL,"This estate was founded by Count Stephan von Neipperg who also owns the famous St Emilion properties Canon La Gaffeliere and La Mondotte. He has used his vast experience in Bordeaux to create stunning wines in South Africa. This wine has been aged to perfection and is packed with rich blackcurrant fruit flavours and enhanced by developed notes of cedar, leather and spice. This is a great food wine and will match all red meat dishes.",14.99,,14.5,75.0,181,2015
Muscadet de Sèvre et Maine Sur Lie 2018 Domaine de la Tourmaline,France,White,Crisp ,Melon de Bourgogne,DRY,"The term 'sur lie' sorts the wheat from the chaff in the world of Muscadet. An extended period of lees contact after fermentation leads to a greater complexity of flavour and character. With ripe fruit aromas, a pleasant richness and fine minerality, this is a classic Loire white. Bottled with a slight natural spritz to help retain freshness. Chill well and drink immediately with scallops. Also makes an excellent partner for oriental cuisine.",9.99,,12.0,75.0,183,2018
Klein Constantia Sauvignon Blanc 2018 Constantia,South Africa,White,Fruity ,Sauvignon Blanc,DRY,"The Constantia Valley, home to Klein Constantia Estate, is the oldest vineyard region in the Cape, having produced wine since 1689. Klein Constantia is family-owned with a focus on quality rather than quantity. A light green appearance with ripe tropical aromas of pineapple and passionfruit. The palate is classically Sauvignon with its racy acidity and the finish is clean and refreshing. Given an extra richness and dimension by the addition of 4% Semillon, it makes an excellent partner to fresh seafood.",14.99,,13.5,75.0,184,2018
Rioja Reserva 2013 Viña Pomal,Spain,Red,Smooth ,Rioja,MEDIUM,"The grapes for this wine come from Viña Pomal's own vineyards which surround the winery. The first Viña Pomal release was over 100 years ago in 1904, and they have since been producing high quality, classic 100% Tempranillo Riojas. Bursting with blackberry and raspberry fruit, the palate is clean, intense and persistent. Perfectly balanced with soft velvety tannins it is delicious from start to the long finish. This traditional style of Rioja will be a superb complement to Catalan-style charcuterie or cured meats.",13.99,,14.0,75.0,185,2013
Black Cottage Sauvignon Blanc 2018 Marlborough,New Zealand,White,Fruity ,Sauvignon Blanc,DRY,"Winemaker David Clouston spent a number of years working at wineries in the USA, France, Spain and Chile before returning to his native Marlborough, and now lives in a black-painted wooden cottage in the Wairau Valley after which the winery is named. Bright, pale yellow, with lime green tinges. Offers aromas of gooseberries with a hint of lychee and a leafy complexity. Tropical and herbaceous characters continue on the crisply acidic palate. Drink with mildly pungent cheeses such as feta or chêvre, or with a crayfish salad.",10.99,,13.0,75.0,186,2018
Château de Pennautier 2015 Cabardès,France,Red,Fruity ,"Cabernet Sauvignon, Merlot, Grenache, Malbec",FULL,"Made by winemaker Bertrand Seube, formerly of Château Mouton-Rothschild, using a blend of Bordeaux and Southern French varieties. Cabardès in Southern France is the only formal appellation which permits blending of this broad range of classic varieties in the same wine. Rustic aromas of raspberries, mullberries and cooking spices permeate from an intensely ruby coloured wine. A firm, tannic palate of spice and dark fruits leads to a layered, dry finish. Ideal with casseroles and red meat dishes, vegetable soups and cassoulet, or tagine. Drink over the next two years.",12.99,,13.5,75.0,187,2015
Winemaker Series Swartland Red 2017,South Africa,Red,Big ,"Viognier, Cabernet Sauvignon, Grenache, Shiraz, Cinsault",FULL,"Made exclusively for Majestic by Marc Kent, the man behind customer favourite The Chocolate Block. He sourced the grapes from the same vineyards to bring you something extra special",12.99,,14.5,75.0,189,2017
Morgon 2018 Château de Pizay,France,Red,Fruity ,Gamay,MEDIUM,"Since the Middle Ages the fine wines of the Château de Pizay have been appreciated by Beaujolais-lovers. The Château includes a four-star hotel with 64 rooms and a gourmet restaurant. This is an ideal place to discover the charming pleasure of the Beaujolais. This top class wine has a nose dominated by blackberries and cherries and a silky smooth palate with fine tannins combining. Classic Morgon, showing the fruit of Beaujolais and the charm of Burgundy. This wine is ready to drink now but Morgon is one of the longest-lasting crus and will therefore develop for a futher year or two.",12.99,,14.0,75.0,191,2018
Russian Jack Pinot Noir 2017 Martinborough Vineyards,New Zealand,Red,Fruity ,Pinot Noir,MEDIUM,"Russian Jack was a merchant sailor from Latvia, who found himself in New Zealand and became a legendary travelling fruit picker, living a nomadic life for over 50 years in the Wellington area. A statue dedicated to his memory now stands in the town of Masterton. A finely balanced Pinot offering ripe red berry fruit underpinned by a fresh crunchiness and savoury notes. Tannins are ripe and supple, polished and spice-infused by 9 months in oak. The perfect wine to pair with smoked duck.",14.99,,14.0,75.0,193,2017
Saint Clair Pioneer Block Pinot Noir 2017 Marlborough,New Zealand,Red,Fruity ,Pinot Noir,MEDIUM,"Saint Clair Pioneer Block wines are made from small parcels of outstanding fruit identified by our winemaker. Fruit for this wine was sourced from Saint Clair's own vineyard at Doctor's Creek, and blended with a small amount from the Southern Valleys to add complexity. Bright ruby in colour, aromas of raspberry and plum are complemented by a touch of spice. A luscious and soft palate with flavours of redcurrant, cherries and an added warmth from ageing in oak barrels. This is perfectly matched with tuna or beef fillet with mushrooms and will cellar for the next two to five years.",22.99,,13.5,75.0,195,2017
Baron Edmond de Rothschild Montagne St Emilion,France,Red,Smooth ,Cabernet Sauvignon,FULL,"Montagne-St. Émilion Backcurrant, tobacco, spice A delicious wine by itself or enjoy with a nice bit of roast beef",24.99,,13.0,75.0,196,Unknown
Santa Rita Medalla Real Cabernet Sauvignon 2016 Maipo Valley,Chile,Red,Big ,Cabernet Sauvignon,FULL,"Santa Rita was founded in 1880, by Mr. Domingo Fernández Concha. Each lot is individually vinified at its peak of ripeness and aged in French oak barrels. Deep, ripe ruby red in colour with a nose of blackcurrant, menthol and toasty vanilla notes. Rich, ripe almost sweet tannins and a long length. Enjoy with spicy red meats, venison and goose.",11.99,IWC 2018 - Bronze Award,14.0,75.0,197,2016
"Gnarly Dudes Shiraz 2016 Two Hands, Barossa Valley",Australia,Red,Big ,Shiraz,FULL,"Two Hands are dedicated to showcasing the wide range of styles available from Barossa's many and varied plots. This example is sourced from a number of parcels of mature, gnarly Shiraz vines, and aged in a mixture of new and old French oak hogsheads for 12 months. Intense and complex on the nose, which offers an array of fruit accented by notes of chestnuts, burnt toffee, chocolate and lavender. Full and lush on the palate, with a supple texture and good length. Enjoyable immediately, but will develop nicely for up to 5 years in bottle.",21.99,,14.1,75.0,198,2016
Acacia Road Merlot 2018,South Africa,Red,Fruity ,Merlot,MEDIUM,It's the weeknight sipper to bring a splash of sun to your sofa. Gentle oak influence gifts a silkiness to a bouquet of dark plum and blackcurrants. This really is a steal at a pocket-friendly price.,7.99,,12.5,75.0,199,2018
Greywacke Sauvignon 2018 Marlborough,New Zealand,White,Fruity ,Sauvignon Blanc,DRY,"Greywacke (pronounced 'grey-wacky') is the name given to the grey sedimentary rock that characterises much of the soil in this estate's vineyard. The winery was founded in 2009, and is the brainchild of Kevin Judd, former winemaker of Cloudy Bay for 25 years. Intense aromatics of melon, peach and papaya are accompanied by hints of tomato leaf and capsicum. The palate is crisp but remarkably mouth-filling, a small portion of the wine having been oak fermented. Partner with a selection of canapes made with smoked salmon, anchovies or chêvre.",19.99,,13.0,75.0,200,2018
Bourgogne Pinot Noir 2016 Louis Latour,France,Red,Fruity ,Pinot Noir,MEDIUM,"Domaine Louis Latour have their own cooperage, which has been going since the early C20th, when they decided to purchase a forest east of Beaune. This tradition is maintained today with production of around 2000 barrels a year. Half of these are exported around the world. Although Pinot Noir is one of the most difficult grapes to grow, this is a fine example at this price with plenty of soft ripe blackberry and raspberry fruit. A versatile and easy-drinking wine that goes well with grilled meats, terrines and pâtes or with a cheese platter.",16.99,,13.0,75.0,202,2016
Gran Camino Sauvignon Blanc 2016,Spain,White,Fruity ,Sauvignon Blanc,DRY,"""Beautifully balanced with crisp flavours of gooseberry from the Sauvignon grapes there is added richness and citrus flavours from a small amount of Chardonnay included in the blend."" Gooseberry takes the forefront with little flicks of citrus and green apple, softens by a rounded soft finish. Enjoy this wine alongside a lightly spiced fish dish or vegetable soup.",5.99,,12.0,75.0,203,2016
Avior Malbec 2018,Argentina,Red,Big ,Malbec,MEDIUM,"This is a decadent and rich wine with flavours of Blackberry and cherry. Rounded and soft there is a delightful, lighter floral note on the finish.Best enjoyed with a rich beef casserole or alongside a cheeseboard when it's chilly outside.",7.99,,13.5,75.0,205,2018
Nettie Viognier 2017,USA,White,Fruity ,Viognier,DRY,"The Nettie is proof that California is the place to head for Rhône-style Viognier at a fraction of the usual asking price. Vivid notes of peach, apricot and pear meet a stony minerality.",8.99,Decanter 2019 - Bronze Award,13.0,75.0,207,2017
"Los Vascos Cabernet Sauvignon 2017 Domaines Baron de Rothschild, Colchagua",Chile,Red,Big ,Cabernet Sauvignon,FULL,"Domaines Barons de Rothschild took over the Los Vascos ('The Basques') estate in 1988, and since then have grown it from its original 220ha of vines to 580ha. Many of the original vines are 40-50 years old, with the oldest being up to 70 years old. Classic and pure Cabernet, with well-defined notes of cherry, blueberry and plum on the nose, with hints of bay leaf and clove adding subtle depth. Approachably soft yet weighty on the palate. Partner with roast beef or fillet steak.",12.99,IWC 2017 - Commended Award,14.0,75.0,208,2017
Alegro Rioja Crianza 2016,,Red,Fruity ,Rioja,LIGHT,"Aged in oak for 12 months. You'll get vanilla and cocoa. Light acidity and medium tannins - this one's quiet, but nice. Overall, it's a typical crianza - nothing amazing, but nice to drink nonetheless",11.99,,13.0,75.0,209,2016
Alluria Organic Pinot Grigio,Italy,White,Crisp ,Pinot Grigio,DRY,Organically produced this elegant and fresh Pinot Grigio abounds with flavours of citrus and peach followed by floral and herbal notes.,9.99,,11.5,75.0,210,Unknown
Cono Sur Bicicleta Pinot Noir 2018,Chile,Red,Big ,Pinot Noir,LIGHT,"Made by a back-to-back 'Chilean Winery of the Year' it's hardly surprising that the Bicicleta is the UKs most popular Pinot Noir. Named after the mode of transport preferred by its vineyard worker - it's a fresh, elegant Pinot Noir with bright cherry, blackberry and plum notes.",8.49,,13.5,75.0,211,2018
Black Ridge Pinot Noir 2016,USA,Red,Fruity ,Pinot Noir,LIGHT,"California is battling Burgundy for the Pinot Noir crown. Look no further for proof. A smooth, silky red pulsing with vibrant cherry, raspberry and vanilla notes, this would demand a remortgage if it was French.",15.99,,13.5,75.0,212,2016
Majestic Loves Gruner Veltliner 2018,Hungary,White,Crisp ,Gruner Veltliner,DRY,"Austrian Grüner grabs the headlines. But you'll find delicious rivals just over the border. And you can shave a few quid off the usual asking price by heading to Hungary. It's dry, sprightly and lined by spiced apple and white pepper.",6.99,IWC 2018 - Silver Award,12.5,75.0,213,2018
Men in White Coats Viognier 2019,South Africa,White,Fruity ,Viognier,DRY,"Apricot and peach flavours dominate this rich and full flavoured white that, despite the richness, retains a fine fresh acidity that matches with spicy notes on the finish.",9.99,,13.5,75.0,214,2019
Definition Viognier 2018,France,White,Fruity ,Viognier,DRY,"The Definition range captures the quintessential qualities of the world's greatest wine styles. This is crafted by Abbotts & Delaunay, the winery behind our most successful Viognier WIGIG (when it's gone, it's gone!) and the top Viognier of 2018. You can thank an expert use of oak for its marriage of white fruits, almond and generous character. You'd be forgiven for thinking it costs twice its price.",10.99,IWC 2018 - Bronze Award,13.0,75.0,215,2018
Definition Chenin Blanc 2018,South Africa,White,Fruity ,"Chenin Blanc, Chenin Blanc",DRY,"The Definition range captures the quintessential qualities of the world's greatest wine styles. Chenin Blanc is to South Africa what Chardonnay is to Burgundy. So we sourced this from an award-winning producer whose Chenins win awards vintage after vintage. It's aromatic, lean and pumping with peach, tropical fruits and cream.",12.99,"Decanter 2019 - Bronze Award, IWC 2018 - Silver Award",14.0,75.0,216,2018
Goldwater Sauvignon Blanc 2018 Marlborough,New Zealand,White,Fruity ,Sauvignon Blanc,DRY,"From the Wairau Valley in Marlborough, where Goldwater Estates practices sustainable viticulture and strict selection, comes this brilliant Sauvignon Blanc. Some lees ageing imparts it with complexity and texture. Offers masses of elderberry fruit and raspberry leaf aromas and exhibits an excellent minerally finish along the lines of Sancerre. Perfect with seafood or salads.",11.99,"IWC 2017 - Silver Award, Decanter 2017 - Bronze Award",12.5,75.0,217,2018
The Astronomer Shiraz 2018 De Bortoli,Australia,Red,Big ,Shiraz,FULL,"De Bortoli practice high input viticulture with a huge emphasis on site selection and the use of mature vines. This approach has enable them to produce, among many others, the great sweet wine Noble One. The same care is applied to this entry level Shiraz. This wine displays classic notes of blackcurrant, bramble and white pepper. It is extremely full bodied and rich for a wine of this price. Try this with steak,grilled sausages or even a hamburger.",6.99,,13.5,75.0,218,2018
Rioja Gran Reserva 2013 Marqués de Riscal,Spain,Red,Smooth ,Rioja,FULL,"Made from grapes of over 30-years-old in the heart of the Rioja Alta region. Only produced in outstanding vintages, and selected from the best grapes, the wine is aged for between 30 and 36 months in American oak, with a further 36 months' bottle ageing prior to release. Complex aromas of fresh red berries and developed aromas of leather, earth and and fermented tobacco leaf. A rounded, warming palate of subtle fruits, oak and spice with gentle tannins and a long finish. Drinking very well at the moment but will develop beautifully with a couple of years ageing. Enjoy with lamb, venison and pork.",32.0,,15.0,75.0,219,2013
Valle Antigua Chardonnay 2018,Chile,White,Crisp ,Chardonnay,DRY,The Colchagua Valley is a paradise for growing grapes with a Mediterranean climate and a large difference between daytime and night time temperatures allows the grapes to ripen slowly developing intense flavours and aromas. This fine Chardonnay has fresh flavours of ripe apple and citrus enhanced by notes of vanilla from ageing in French oak. Try this with chicken or meaty fish dishes flavoured with wine.,7.99,,13.0,75.0,221,2018
Parcel Series Marlborough Sauvignon Blanc 2018,New Zealand,White,Fruity ,Sauvignon Blanc,DRY,"Another of our Parcel Series wines that really outguns its price tag. This wine from an internationally acclaimed winery bursts with bright fruit flavours of gooseberry, passion fruit and citrus.",9.99,,13.0,75.0,222,2018
Charmes de Kirwan 2014,France,Red,Big ,"Cabernet Sauvignon, Merlot, Cabernet Franc",MEDIUM,,34.99,,13.5,75.0,224,2014
Viñalba Malbec-Touriga Nacional Reserve 2017 Mendoza,Argentina,Red,Big ,Malbec,FULL,"It takes a cream-of-the-crop Malbec blend to win two gold medals in one year. The 2017 vintage of this did exactly that. Its secret? A generous splash of Touriga Nacional, the grape more commonly known for boosting the palate-coating power of Port. In this, it adds a colossal burst of red-fruit flavour. It's delicious.",12.99,"IWC 2019 - Silver Award, Decanter 2019 - Bronze Award, IWC 2017 - Gold Award, Decanter 2017 - Gold Award",14.5,75.0,225,2017
Rioja Reserva Selección Especial 2014 Muga,Spain,Red,Smooth ,Rioja,FULL,"Founded by Isaac Muga Martínez and his wife, Auro Caño in 1932, in Haro, at the western end of Rioja Alta. The best grapes are selected for the Especial blend, and aged for 6 months in large vats, before 30 months in small oak barrels, and a further year in bottle. Intense, concentrated and powerful aromas of black fruit, red berries, spice and hints of wild flowers complement an intense and very powerful, fruit driven palate with layers of flavour and exotic spice. An harmonious wine that will age gracefully for ten years but can be enjoyed now. Drink with game or duck.",25.99,,14.0,75.0,226,2014
"Rully Rouge ""En Rosey"" 2016 Maison Chanzy",France,Red,Fruity ,Pinot Noir,LIGHT,"Maison Chanzy own top quality vineyard sites all over Burgundy including Grand Crus. Rully is a lesser known village in the Côte Chalonnaise that produces Pinot Noir that can rival the quality, if not the price tag, of its more famous rivals to the north. This wine is stuffed full of bright red fruit flavours, think cherries and redcurrants, with a fine firm tannic structure and balancing acidity that makes it a great foil for all manner of food. This will be an excellent match for roasted poultry or game birds.",17.99,,13.0,75.0,227,2016
Côtes du Rhône Belleruche 2018 M.Chapoutier,France,Red,Smooth ,"Syrah, Grenache",MEDIUM,"The Chapoutier family have produced wines in the Rhône Valley since 1808. Michel Chapoutier, currently in charge, has combined tradition with a dynamic, creative approach and makes some of the best wines of the region. A superb wine with rich aromas of dark fruit, earthy minerals and spice. Soft and round on the palate with smooth tannins, rich blackberry and cherry fruit, hints of liquorice and a substantial finish. This wine can be enjoyed over the next several years and will superbly partner most rich meat dishes.",11.99,,14.5,75.0,230,2018
Domaine du Vaux St Georges Touraine Sauvignon 2018,France,White,Fruity ,Sauvignon Blanc,DRY,"Domaine du Vaux St Georges offers a fantastic terroir of flinty sands, close to the Cher river. The influence of which, gives fantastic crispness to their grapes, creating some of the best that Touraine has to offer. A pale yellow juice boasts aromas of citrus, elderflower and a note of cedar. True to its exquisite background, the finish is long and balanced. A true summer's refresher Fantastic as an aperitif, or enjoy with a wide variety of fish.",11.99,,12.5,75.0,232,2018
Saint Clair Pioneer Block Sauvignon Blanc 2016 Marlborough,New Zealand,White,Fruity ,Sauvignon Blanc,DRY,"The reason behind the 'block'? It's sourced from a single vineyard. A unique expression of the land, it's only made in the finest vintages. Such practices would demand at least twice this price tag in France. Bursting with expertly crafted layers of gooseberry, passion fruit and freshly cut grass, this is a new world of Kiwi Sauvignon.",19.99,,12.0,75.0,233,2016
Saint Clair Pioneer Block Chardonnay 2017 Marlborough,New Zealand,White,Rich ,Chardonnay,DRY,"St. Clair have gone for maximum impact and expression with this Chardonnay, fermenting 100% of the grapes in a mixture of new and old French oak, before ageing the wine on for 9 months, with regular stirring to draw full character from the lees. The New Zealand trademarks of fresh and snappy peach and tropical fruits are finished with a wonderfully soft, generous texture and a biscuity edge. Rich, with plentiful amounts of pure, tropical fruit, this wine is fantastic with grilled asparagus or fish with parsley sauce.",19.99,,13.0,75.0,234,2017
Acacia Road Chenin Blanc 2018,,White,Fruity ,"Chenin Blanc, Chenin Blanc",DRY,Chenin Blanc has found a home in South Africa and this example shows exactly why with bright flavours of tropical fruit and apple followed by a honeyed yet refreshing finish.,7.99,,12.5,75.0,235,2018
Ségla 2012 Margaux,France,Red,Big ,"Cabernet Sauvignon, Merlot",FULL,"Ségla is the second wine of the famous Margaux second growth Château Rauzan-Ségla. More accessible than the first wine, this is does not receive as much new oak, so tannins are riper and smoother making the Ségla ripe and ready for drinking. It is a wine with excellent concentration and poise. Showing fragrant notes of ripe fruits, violets and cedar with beautiful length and delicate tannins. With great structure and balance and a long finish A great example of good value Margaux drinking well now, this wine will also soften further and improve over the next 7-8 years",34.99,,13.5,75.0,236,2012
"Roaring Meg Pinot Noir 2017 Mt Difficulty, Central Otago",New Zealand,Red,Fruity ,Pinot Noir,MEDIUM,"Mount Difficulty is a boutique winery located in Bannockburn in Central Otago. The Bannockburn area is internationally recognized as one of the few places in the world where the petulant Pinot Noir variety has found a home outside Burgundy. This wine exhibits a lovely mix of red and black berry fruits with further complexity gained from oak spice. These characters are balanced by soft tannins, balanced acidity and a fruit-driven finish. This is a cracking, complex wine to be enjoyed over the next five years. Enjoy with pork loin and peach chutney or rabbit casserole.",20.99,IWC 2018 - Commended Award,14.0,75.0,237,2017
Oyster Bay Merlot 2017 Hawke's Bay,New Zealand,Red,Big ,Merlot,MEDIUM,"Oyster Bay has been producing wine of international acclaim since winning the 'Best International Sauvignon' at the 1991 IWSC. A leading example of the 'New Zealand Style', fashioned from fruit grown in Hawkes Bay's Bordeaux-esque climate. Plumy, jammy and ripe berry fruits augmented by hints of spice, toasted oak and chocolate aromas are followed by a rich, rounded and fruity palate with subtle oak and spices and an intense finish. Enjoy over the next three years with everything from pizza to spaghetti bolognese and from roast turkey to pork chops.",10.49,"IWC 2017 - Silver Award, Decanter 2017 - Silver Award",13.5,75.0,238,2017
Domaine Begude 'Le Paradis' Viognier 2017 Haute Vallée de L'Aude,France,White,Rich ,Viognier,DRY,"Domaine Begude is a 25-hectare family-owned estate set high in the foothills of the Pyrenees. Believing in a healthy, sustainable environment through organic farming has led to consistent wines of the highest quality. Delicate and aromatic this Viognier has fine flavours of peach and apricot with a slight touch of spice balanced by a refreshing acidity. This is perfect with grilled oily fish.",17.99,,13.5,75.0,241,2017
Ten Minutes by Tractor Estate Pinot Noir 2017 Mornington Peninsular,Australia,Red,Fruity ,Pinot Noir,MEDIUM,"Mornington Peninsular is a sub-region of Victoria which, in recent years, has been identified as arguably the best area in Australia for cultivating the classic Burgundian varieties. Made in small open-topped fermenters with wild yeasts and matured for 11-15 months in French oak, this is an elegant and polished Australian Pinot.",46.0,,14.0,75.0,244,2017
Gran Camino Tempranillo,,Red,Smooth ,Tempranillo,LIGHT,Made exclusively for Majestic from 100% Tempranillo this is a medium bodied and soft wine that is packed with juicy red fruit flavours,5.99,,13.0,75.0,245,Unknown
Vasse Felix Filius Chardonnay 2017 Margaret River,Australia,White,Rich ,Chardonnay,DRY,"Located in Margaret River, in the South Western corner of Australia, Vasse Felix have a state-of-the-art winery where this Chardonnay is produced using premium parcels of fruit and partial wild yeast fermentation in French oak barriques. A toasty, nutty nose, with peach and tropical fruits on the palate, complemented by nutty hints and a touch of vanilla toast, a full flavoured wine, yet reserved and well integrated. A fabulous choice for white-meat dishes.",14.99,IWC 2017 - Silver Award,12.5,75.0,246,2017
Viñalba Gran Reservado Malbec 2016 Mendoza,Argentina,Red,Big ,Malbec,FULL,"This fine Malbec comes from Mendoza's Lujan de Cuyo region, and is the flagship wine in the Viñalba range. Created by Hervé Fabre, one of the first Bordeaux-schooled winemakers to come in to Argentina, and to recognise Malbec's potential in its high-altitude terroirs. A generous nose of warm plum-pudding-like fruit, lifted by soft vanilla and flower petal notes. The tannins are muscular, yet smooth and voluptuous, providing a blockbusting mouthfeel and long finish. Decant first for maximum effect. Enjoy with steak or venison.",16.99,"Decanter 2019 - Gold Award, IWC 2018 - Gold Award, IWC 2018 - Tropy Award, IWC 2017 - Commended Award, Decanter 2017 - Silver Award",14.5,75.0,247,2016
Definition Beaujolais,France,Red,Fruity ,Gamay,LIGHT,Classic Beaujolais this has abundant crisp red fruit flavours reminiscent of redcurrants and raspberries followed by a touch of white pepper.,10.99,,13.0,75.0,249,Unknown
Le Palajo Limoux Chardonnay 2017 Dom de la Metairie d'Alon,France,White,Fruity ,Chardonnay,DRY,From the endlessly sunny Palajo vineyard this fabulous Chardonnay careful handling in the winery and ageing in oak barrels creates a complex wine with flavours of apricot and jasmine with hints of patisserie.,22.99,,14.0,75.0,250,2017
Montes Single Vineyard Chardonnay 2015,Chile,White,Rich ,Chardonnay,DRY,"The grapes use to produce this wine come from the cool climate Casablanca Valley which produces low yields of exceptionally healthy grapes with an abundance of fruit flavours. Malolactic fermentation adds and oak ageing adds buttery complexity. Fresh citrus flavours are augmented by a hint of asparagus typical of the Casablanca Valley are layered over toast, butter and vanilla notes. This will be a fine accompaniment for a roast chicken.",11.99,,13.5,75.0,252,2015
Saint-Véran 2017 Les Vignerons des Grandes Vignes,France,White,Crisp ,Chardonnay,DRY,"Saint-Véran is in the southern part of Burgundy overlapping the Mâconnais and Beaujolais districts. This wine is produced by an outstanding co-operative. This is a lively wine showing delicious aromas of peach and acacia blossom. Fantastic when young, it has the potential to develop a more honeyed, complex palate with age. This delicate and elegant wine would be a great match with seared scallops or mushroom ravioli.",13.99,,13.0,75.0,253,2017
Valle Antigua Cabernet Sauvignon 2017,Chile,Red,Big ,Cabernet Sauvignon,FULL,"The Colchagua Valley is a paradise for growing grapes with a Mediterranean climate and a large difference between daytime and night time temperatures allows the grapes to ripen slowly developing intense flavours and aromas. This is a classic Chilean Cabernet with bold flavours of blackcurrant and damson. It is juicy and well balanced with a delightfully soft finish. This versatile wine will be great with rare roast beef, stewed lamb or hard cheeses.",7.99,,13.0,75.0,254,2017
Definition Pinotage,South Africa,Red,Big ,Pinotage,LIGHT,"Extra skin contact add additional flavour and colour to this great example of Pinotage. Rich flavours of blackberry and raspberry marry harmoniously with touches of cedar, herbs and sweet spice.",9.99,,13.5,75.0,255,Unknown
Parcel Series Margaret River Sauvignon Blanc Semillon,Australia,White,Rich ,Sauvignon Blanc,DRY,"Margaret River is Australia's most acclaimed region, and its wines rarely drop below £10 never mind £8. Surrounded by water, and with ancient gravel soils, it's ideal for creating the world-famous Sauvignon Semillon blends. However, it's a region of tiny family wineries, contributing less than 2.3% of Australia's total production.So we've signed our strictest non-disclosure agreements to keep the incredible producer behind this wine a secret. Enjoy a salivating streak of citrus, passion fruit, guava, and lemon meringue, with a sea spray freshness.",11.99,,12.0,75.0,256,Unknown
Bellingham 'The Bernard Series' Viognier 2018 Western Cape,South Africa,White,Fruity ,Viognier,DRY,"Celebrating the legendary maverick founder of Bellingham, Bernard Podlashuk, 'The Bernard Series' is an homage to his efforts in placing South Africa on the winemaking map. Hand picked grapes are fermented and aged in one year old French oak with 4% lees contact. Perfumed aromas of peaches, lychees, rose petal and spice are complemented by rich layers of fruit with spicy undertones of white pepper and cinnamon on the palate with a lingering and inviting finish. Will partner well with delicately flavoured, creamy seafood and poultry dishes. Enjoy over the next two years.",14.49,"Decanter 2018 - Bronze Award, Decanter 2017 - Bronze Award",13.5,75.0,258,2018
Errazuriz Wild Ferment Chardonnay 2016 Casablanca Valley,Chile,White,Rich ,Chardonnay,DRY,"With grapes taken from 'La Escultura Estate,' where cool sea breezes help preserve the freshness in the grapes. Naturally occurring yeast in the grape skins are used instead of cultivated yeasts, along with subtle use of 10% French oak. This wine is unbelievably well balanced, with subtle tropical stone fruit in the form of apricot and peach mingling with subtle oak characters and a rich creaminess. Enjoy this wine over the next 2 years to allow further integration of oak and fruit, and enjoy with roast chicken and seafood dishes.",13.99,"IWC 2018 - Commended Award, IWC 2017 - Bronze Award",13.0,75.0,259,2016
Making Tracks Chardonnay,Australia,White,Rich ,Chardonnay,DRY,Forget the overly sweet and oaked wines of the past this is the modern face of Aussie Chardonnay with fresh citrus flavours and a mouth watering finish.,9.99,Decanter 2019 - Commended Award,13.5,75.0,260,Unknown
Dos Minas Malbec,Argentina,Red,Big ,Malbec,FULL,"Made from over 15-year old Malbec vines and aged for 8 months in oak barrels this complex yet approachable red smells of ripe plums, violets and delicate earthy notes. Once drunk you'll enjoy a medley of ripe fruit flavour and peppery spice.",12.99,,14.0,75.0,262,Unknown
Rioja Reserva Viña Ardanza 2009 La Rioja Alta Magnum,Spain,Red,Smooth ,Rioja,FULL,"One of the very best of Rioja's produced from fruit exclusively grown in the bodega's 360 hectare vineyard holdings in the Rioja Alta region, and named after one of the Region's founding families. Remaining under family ownership, this is of the most sought-after bodegas. Complex and perfumed primary and secondary aromas of earth, spice and red fruits with a long, elegantly structured medium weight body of spicy tannins and layers of flavour. Enjoy over the next decade as the richness and power will soften to spice and earth, augmenting game casserole or wild duck.",49.99,,13.5,150.0,263,2009
Devil's Creek Gold Reserve Sauvignon Blanc,New Zealand,White,Fruity ,Sauvignon Blanc,DRY,"Quintessential New Zealand Sauvignon: herbal notes and exotic hints of guava and elderflower on the nose, and flavours of gooseberry, citrus and ripe melons.",11.99,,12.5,75.0,265,Unknown
Parcel Series Coonawarra Cabernet Sauvignon,Australia,Red,Big ,Cabernet Sauvignon,MEDIUM,"Australis's cool southern stretches of Coonawarra are home to its finest Cabernets, and we've scored a standout release from a winery that's no stranger to receiving 90-94 points for its wines. Voluptuous with complex notes of cassis and cocoa that linger elegantly throught flavours of ripe black fruit. A medium bodied wine that is more than just a winter warmer. Packed full of scrumptious dark fruit flavours, with a soft coca and cassis aroma to it. This wine is the perfect partner for your Sunday roast beef.",15.99,,14.0,75.0,267,Unknown
Pescadero Point Chardonnay 2017,,White,Rich ,Chardonnay,DRY,"Pescadero Point Chardonnay is a climate-conscious wine and a fantastic example of how eco-aware wine bottling needn't compromise excellent quality. In true Californian style, Pescadero Point Chardonnay is gorgeously creamy and rich in fruit flavour whilst possessing the elegance, crisp finish and freshness of its European counterparts (think Pouilly-Fuissé!).",8.99,,13.0,75.0,270,2017
Saintsbury Chardonnay 2012 Carneros,USA,White,Rich ,Chardonnay,DRY,"Chardonnay accepts and reflects the terroir of the Carneros region and the fingerprint of the vintner. Fermented in 25-30% new French oak barrels and aged sur lie for eight months. During the ageing process, the barrels are stirred (batonnage) to increase yeast contact. Notes of pears, apricots and melon with toasted spicy oak characters are complemented on the palate by stone fruit, vanilla and hazelnuts. Full bodied and creamy, with a balanced and powerful finish. Enjoy over the next three years with chargrilled chicken or light fish dishes.",22.99,,13.5,75.0,271,2012
Château Guiot 2017 Costières de Nîmes,France,Red,Fruity ,"Syrah, Grenache",MEDIUM,"Costières de Nîmes has more in common with the Rhône across the river than it does with the wines of Languedoc immediately neighbouring it. Château Guiot lies just outside the city of Nîmes, in the heart of this appellation. Deep purple hue, a beautifully scented nose with herby aromas, lashings of juicy forest fruits and spicy, rich berry flavours on the palate and a good, smooth finish. Equally good with anything from shepherd's pie, meatballs or moussaka style vegetarian dishes.",9.99,,13.5,75.0,272,2017
Rioja Blanco 2018 Muga,Spain,White,Rich ,Rioja,DRY,"Founded by Isaac Muga Martínez and his wife, Auro Caño in 1932, in Haro, at the Western end of Rioja Alta. The grapes are planted on clay and calcareous soils at the foot of the Obarenes mountains, which are 100% barrel fermented in new oak, from the winery's cooper. Complex and toasted aromas with fresh, vibrant fruits give way to zesty lime, spicy and vanillin toasted oak flavours, fresh acidity, and a refreshing spicy finish. Enjoy over the next three years with full-flavoured fish dishes, such as Paella.",13.99,,13.0,75.0,273,2018
Gufetto Pinot Grigio 2018,Italy,White,Crisp ,Pinot Grigio,DRY,"Natale Verga, who is the 4th generation to run this winery, founded in 1895, brings forth a refreshing style of Pinot Grigio. Gufetto brings forth delicate and refreshing citrus notes on the nose and palate with tangy green apple and minerality. Cold or warm seafood platters, surrounded by char-grilled vegetables.",7.99,,12.0,75.0,274,2018
Oyster Bay Chardonnay 2017 Marlborough,New Zealand,White,Rich ,Chardonnay,DRY,"At the north tip of New Zealand's South Island, Marlborough has the ideal climate for grape growing. Oyster Bay, one of the most acclaimed wineries here, uses a combination of stainless steel and oak barrels to achieve the alluring balance of this Chardonnay. Pure, incisive ripe fruit flavours. Concentrated aromas of ripe citrus and stone fruit are married with subtle oak and a creamy texture to finish. Great with richly flavoured fish and grilled vegetables.",10.49,IWC 2017 - Commended Award,13.0,75.0,277,2017
"Domaine de Villemajou 2017 Corbières Boutenac, Gérard Bertrand",France,Red,Fruity ,"Syrah, Grenache, Carignan",MEDIUM,"This domaine was previously owned by Gérard's father, Georges Bertrand, and was run by father and son until George's death. It is one of the premier estates in Boutenac, a part of Corbières recently awarded status as a recognised sub-appellation. Aromatically rich and complex, with jammy blackcurrant fruit and hints of roasted coffee bean, leather and soft spice notes. Round and soft on the palate, with supple, well-weighted tannins. Drink now or cellar for 3 or more years. Decant a few hours before serving with Mediterranean cuisine.",16.99,,15.0,75.0,278,2017
Devil's Creek Merlot,,Red,Smooth ,Merlot,MEDIUM,"Hawke's Bay is one of New Zealand's warmest grape-growing regions. These sun-drenched vineyards produce a generous, juicy style of Merlot. The cool evenings and lengthy ripening season allow Merlot to slowly grow and concentrate its flavours. A bountiful marriage of ripe plum and deep red fruits shimmers through each smooth sip of Devil's Creek Merlot. The finish is long and enduring, making it a fantastic partner for richly flavoured charcuterie plates.",9.99,,13.0,75.0,279,Unknown
Acacia Road Pinotage,South Africa,Red,Fruity ,Pinotage,DRY,South Africa has made Pinotage its own and this delicious wine is a stunning example with ripe red cherry and dark plum flavours creating a lovely palate with smoky undertones.,7.99,,13.5,75.0,280,Unknown
Lirac 2017 Domaine des Garrigues,France,Red,Smooth ,"Syrah, Grenache",FULL,"The Assemat family have been running this domaine since 1961, when they replanted 250 vine parcels, surrounded by woodland and 'garrigue', or heathland. Known for its abundance of wild herbs, the landscape has its own unique aromas that carry on the breeze. Made entirely without oak, this wine is vibrant and youthful in both colour and aroma, with great freshness to the dense red fruit. Ample tannins provide a long, blackcurrant and liquorice-tinged finish. Best enjoyed in its youth or with 3-5 years' cellaring at most.",12.99,,14.5,75.0,281,2017
"Symbiose Piquepoul Sauvignon Blanc 'Cuvée Florence' 2017, Côtes de Thau",France,White,Fruity ,Sauvignon Blanc,DRY,"The grapes squeezed to craft this Picpoul blend are surrounded by the cooling Thau lagoon. They soak in sun over a luxuriously long ripening period, filling plump with juice. Punchy tropical-fruit flavours combine with a crisp minerality and a scattering of herbs. It's a lip-smackingly refreshing white.",9.99,"IWC 2019 - Commended Award, IWC 2017 - Bronze Award",12.0,75.0,283,2017
Villa Maria Private Bin Riesling 2018 Marlborough,New Zealand,White,Crisp ,Riesling,DRY,"New Zealand's most famous winemaking region may be best known for its Sauvignon Blanc, but some vibrant Rieslings are also made here, and seem to have found a home away from home in Marlborough's temperate climate. Showing enticing aromas of lime, apple and vibrant passion fruit, this is immensely fresh despite being off-dry. An intriguing apéritif, this wine can also be paired well with lightly spiced, aromatic Thai food.",10.49,,12.0,75.0,284,2018
"La Baume La Grande Olivette, Chenin Blanc Vdf 2018",,White,Fruity ,"Chenin Blanc, Chenin Blanc",DRY,"Off-dry but balanced by lively, refreshing acidity and packed with mouth watering flavours of pear, honey and crisp apple",6.99,,12.5,75.0,285,2018
Hang Loose Cabernet Sauvignon 2015,USA,Red,Big ,Cabernet Sauvignon,MEDIUM,"A classic American Cabernet, this wine emits punchy notes of blackcurrant, a slick spoonful of vanilla and dusting of regal spices. It's the gluggable red to bring buckets of Cali' sun to your sofa through winter.",8.99,,13.0,75.0,286,2015
Jaboulet Syrah 2017,France,Red,Smooth ,Syrah,MEDIUM,"100% Syrah from vineyards in the Rhône Valley and the Languedoc. Sourcing the grapes from across a range of terroirs allows Jaboulet to create a well-balanced wine with consistent quality. It is matured without oak to maintain a supple and fruit-driven style. Medium-bodied with a fresh, juicy feel, this wine offers the classic Syrah characters of blackcurrant and liquorice, with subtle aromas of wild shrubs and pepper. Perfect accompaniment for herb-rubbed lamb chops, preferably char grilled.",11.99,,13.0,75.0,290,2017
Duckhorn Cabernet Sauvignon 2015 Napa Valley,USA,Red,Big ,Cabernet Sauvignon,FULL,"A blend of approximately 80% Cabernet Sauvignon with Merlot and a small amount of Cabernet Franc, matured in a mixture of new and second-vintage French oak barrels. This wine follows Duckhorn's trademark glossy, smooth and fruit-driven house style. Layers of blackcurrant fruit are interspersed with mocha, cinnamon, tobacco and sweet spice character.",55.0,,14.5,75.0,292,2015
Paul Mas Estate Marsanne 'La Forge Vineyard' 2018 PGI Pays d Oc,France,White,Fruity ,Marsanne,DRY,"Jean-Claude Mas has created a rich and mellow but well-balanced white from 100% Marsanne grapes, a proportion of which is barrel-aged for extra complexity. Elegant with white flower and hazelnut aromas and delicious pear and honey flavours. Perfectly suited to fish dishes, from delicate to full-flavoured.",11.99,"IWC 2018 - Bronze Award, Decanter 2018 - Silver Award",13.0,75.0,295,2018
Majestic Loves Merlot 2018,Chile,Red,Big ,Merlot,MEDIUM,Our mission was to find the best tasting wines at £5.99. So we blind tasted 500 wines and chose the best irrespective of grape variety or country. This is soft and smooth and packed with plum flavours.,6.99,IWC 2017 - Commended Award,13.0,75.0,296,2018
Maison Loron Beaujolais 2017,France,Red,Fruity ,Gamay,LIGHT,Maison Loron have been making wine since 1711 and always produce wine of character. The Beaujolais is stuffed with elegant red fruit flavours of raspberry and strawberry and possesses a fine refreshing acidity.,11.49,,14.0,75.0,297,2017
La Vieille Ferme 2018 Perrin et Fils,France,Red,Smooth ,"Syrah, Grenache",MEDIUM,"Meaning 'the old farmhouse', this wine hails from the red Mediterranean soils and chalk debris of the slopes of Mount Ventoux near the town of Mazan in the south of the Rhône Valley. A warm, elegantly structured, spicy red with intense jammy blackberry fruits, strawberry hints and soft tannins. A great quality red and a fantastic companion for meats or cheeses. Having been only lightly fined and filtered, decanting is advisable.",8.99,,13.0,75.0,298,2018
Jean-Max Roger Sancerre Cuvee Genese,France,White,Fruity ,Sauvignon Blanc,DRY,"This is a truly classic Sancerre from one of the region's prime estates. It is intense, structured yet balanced and shows the freshness of great sauvignon blanc with the added complexity of truly fine vineyard sites and great maturity at harvest.",19.99,,13.0,75.0,299,Unknown
Château Pierrousselle 2016,France,Red,Big ,"Cabernet Sauvignon, Merlot, Cabernet Franc",FULL,"This characterful Bordeaux comes from the small hamlet of Pierousselle and possesses complex flavours of plum, blackberry, herbs and earth. Full, rich and aromatic this will make an ideal accompaniment for roast lamb.""",9.99,"IWC 2018 - Bronze Award, Decanter 2018 - Bronze Award",13.5,75.0,302,2016
Premier Vin du Château de Pitray 2014,France,Red,Big ,"Merlot, Cabernet Franc",MEDIUM,"Pitray is located on 'the plateau' of one of the leading properties in the Côtes de Castillon. ""Château de Pitray, the appellation's Premier Estate, produces a deliciously smooth, round and generous wine that delivers immediate gratification."" Robert Parker. Beautiful garnet-red robe with aromas of cassis fruits coupled with subtle vanilla tones. Enjoy with anything from roast turkey to lamb dishes.",13.99,,13.5,75.0,303,2014
Wolf Blass Yellow Label Chardonnay 2017 South Australia,Australia,White,Rich ,Chardonnay,DRY,"Yellow Label is the original series from Wolf Blass, one of Australia's most awarded wineries. Founded in the Barossa Valley, grapes are now carefully sourced from particularly ripe parcels of fruit across South Australia and matured in oak. A rich, honeyed, vanilla-flavoured Chardonnay, showing smooth, tropical fruit flavours on the creamy palate. Try it with Chinese-style fish dishes or more traditional roast chicken.",8.99,,13.0,75.0,304,2017
Domaine de Villargeau 2017 Côteaux du Giennois,France,White,Fruity ,Sauvignon Blanc,DRY,"The small appellation of Côteaux de Giennois has only 91 hectares planted with Sauvignon vines, and as it lives in the shadow of its neighbour, the renowned Pouilly-Fumé, its wines often slip under the radar and are hence excellent value. The classic gooseberry fruit on the nose is intense yet restrained, and leads into a palate bursting with flavours of lime and nettle, delivered with a clean and crisp feel. Enjoy with all fish, seafood and white meat dishes.",12.99,,13.5,75.0,305,2017
"Domaine Sainte Rose Pinot Noir Rosé 2018, Langeudoc",France,Rose,,Pinot Noir,DRY,"English couple Charles and Ruth Simpson produce some of the Languedoc's most exciting wines. Take this fresh, juicy 100% Pinot Noir pink for example. Picked from the duo's coolest vineyard sites, it's bursting with bright strawberry and red currant flavours. Enjoy alongside crunchy summer salads or as an elegant apéritif.",9.99,,12.5,75.0,306,2018
Definition Côtes Du Rhône 2017,France,Red,Smooth ,"Syrah, Grenache, Cinsault, Carignan",FULL,"The Definition range captures the quintessential qualities of the world's greatest wine styles. The delicious Rhône-blend trio - Grenache, Syrah, Mourvèdre - crafts reds with no-holds-barred levels of taste. But it takes a delight to stand out from the crowd. This is created by a name that echoes around the Valley. It emits countless notes of bramble, garrigue herbs and a hint of pepper.",10.99,IWC 2018 - Bronze Award,13.5,75.0,309,2017
Château Coufran 2006 Haut-Médoc Cru Bourgeois Supérieur,France,Red,Big ,"Cabernet Sauvignon, Merlot, Cabernet Franc",MEDIUM,"Located in the Haut-Médoc part of Pauillac, Coufran is notable for its unusually high proportion of Merlot, which forms around 85% of the blend. Being a more typical feature of right-bank wines, this has earned Coufran the nickname 'Pomerol of Haut-Médoc'. This wine has a soft, fleshy and ample feel, combining soft bramble and ripe plum flavours with smooth tannins. Subtle cedar and leaf aromas complete the picture. Ready to drink now, with firm cheeses.",18.99,,12.5,75.0,311,2006
Morande M Pinot Noir 2018,Chile,Red,Fruity ,Pinot Noir,MEDIUM,"The Belén Estate in Chile's Casablanca Valley is perfect for growing grapes that make fresh, fruit driven wines. The clay and granite soils are not too fertile and the maritime influences allows the grapes to ripen slowly retaining delicious fruit flavours. The nose of this wine is full of fresh red fruit aromas and these are represented on the palate as well but with added hints of clove, chocolate and coffee. This would be best with roast duck.",9.99,,13.0,75.0,312,2018
Winemaker Series Chardonnay 2017,,White,Rich ,Chardonnay,DRY,"Some of Majestic customer's favourite winemakers were ask to craft a unique wine. The Chardonnay has a rich textured palate of pear, white peach and bright citrus notes is tickled gently with honey aromas for a layered, complex sip.",11.99,,13.0,75.0,313,2017
Last Batch Shiraz Petit Verdot,Australia,Red,Big ,"Shiraz, Petit Verdot",MEDIUM,"Petit Verdot was Bordeaux's unsung hero. But in the splendid sun, Aussie winemakers discovered how to make it the full-bodied titan it is today. This is packed with rich notes of dark berries and vanilla",9.99,,14.5,75.0,316,Unknown
Parcel Series Organic Tempranillo 2017,,Red,Smooth ,Tempranillo,MEDIUM,"It's from a famous estate with 90+ Parker-Point scores, and praise from Wine Advocate for ""excellent"" wines and ""well judged"" winemaking. However, last year it made too much wine (shock horror!). As a result, you can pick up 'almost-Rioja' for a BARGAIN. Sip its juicy red-berry fruits, dark cherry and wild thyme flavours, safe in the knowledge you've snagged a bargain",10.99,,14.0,75.0,318,2017
"Parrilla Malbec 2017 Viñalba, Mendoza",Argentina,Red,Big ,Malbec,FULL,"A 'parrilla' is an Argentinian grill, and this a perfect partner for steak. Using the best of Mendoza's high altitude this is an expertly crafted and complex Malbec, loaded with black fruits, plum and toasted oak.",9.99,"IWC 2019 - Bronze Award, IWC 2018 - Bronze Award",14.5,75.0,319,2017
Catena Barrel Fermented Chardonnay 2018 Mendoza,Argentina,White,Rich ,Chardonnay,DRY,"A blend of grapes from three high altitude vineyard sites, La Pirámide, Domingo and Adrianna, creating a wine of unique character that has balance, concentration and a strong varietal identity. Showing notes of mango, banana and apple, with a hint of sweet spice and wet stone minerality. Full yet clean on the palate, with pear and fig fruit flavours rounded off with fresh, crisp acidity. Excellent with roast chicken or gammon dishes.",13.99,IWC 2017 - Bronze Award,13.5,75.0,321,2018
"Parcel Series Chardonnay, Marlborough, New Zealand",,White,Crisp ,Chardonnay,DRY,"As always with Parcel Series, the price is so good, we can't tell you which household name made it. It never usually sells for less than £20. It's packed with citrus, stone fruits and a delicate oak character.",13.99,,13.0,75.0,322,Unknown
Alamos Lujan De Cuyo Cabernet 2017,Argentina,Red,Big ,Cabernet Sauvignon,FULL,"The grapes for Alamos are grown at an altitude of between 3,000 and 5,000 feet where the temperature variation allows the grapes to grow slowly developing more flavour. Hand harvesting and sorting ensure only the best grapes are used to make the wine. There is lots of balckcurrant and bramble fruit flavours in the concentrated and silky wine. The purity of fruit is enhanced by a slight woody note on the finish. This will be great with grilled meats flavoured with herbs.",9.99,,13.0,75.0,325,2017
Morande M Chardonnay 2018,Chile,White,Rich ,Chardonnay,DRY,"The Belén Estate in Chile's Casablanca Valley is perfect for growing grapes that make fresh, fruit driven wines. The clay and granite soils are not too fertile and the maritime influences allows the grapes to ripen slowly retaining delicious fruit flavours. This fine, fresh Chardonnay is all about fruit with an abundance of citrus, pear, apple and pineapple flavours. Try this with marinated meaty white fish.",9.99,,13.0,75.0,326,2018
Mon Plaisir du Sud Rouge 2017,France,Red,Fruity ,"Syrah, Grenache, Carignan",FULL,"This super concentrated blend of Carignan, Syrah and Grenache oozes the sun dappled charm of the Languedoc with black fruit intensity and decadent clove spice.",7.99,IWC 2018 - Commended Award,12.5,75.0,327,2017
Dogajolo Carpineto 2016 Toscana,Italy,Red,Big ,"Cabernet Sauvignon, Sangiovese, Sangiovese",MEDIUM,"In the innovative style of the Super-Tuscans, but at a fraction of their price, this is a 'Baby-Tuscan'. Cabernet Sauvignon is blended with a majority of the native Sangiovese to create a wine superior to its IGT classification. Soft and intensely fruity, this wine combines the elegance and complexity given by oak-ageing with the fragrant, fresh fruit of a young wine. Soft on the palate with a smooth finish. A great all-rounder, this wine will complement a rich Tuscan stew, as well as cold cut meats or even just with pizza.",12.99,,13.0,75.0,329,2016
"Shaw and Smith 'M3' Chardonnay 2017, Adelaide Hills",Australia,White,Rich ,Chardonnay,DRY,"Shaw and Smith began in 1989 when cousins Martin Shaw and Michael Hall Smith decided to realise a dream to make wine together. Their aim was to make exciting, refined wines and they specialise in Sauvignon Blanc, cool climate Shiraz and this single vineyard Chardonnay. ""This beautiful Chardonnay gets better with each vintage. It's a gorgeously subtle white wine with a core of lemony fruit and just a hint of very smart, powdery oak."" Max Allen, The Weekend Australian Lightly chill and drink over the next five years with roast pork.",35.0,,13.5,75.0,330,2017
Haut Poitou Sauvignon Blanc 2017 Pierre Sauvion,France,White,Fruity ,Sauvignon Blanc,DRY,"Covering an area to the north of Poitiers, in the southeastern part of the Loire, Haut Poitou has been a well known winemaking territory for centuries, but was created an AOC as recently as 2011 as a result of its wines' notable levels of quality. A crisp, dry and well structured white reminiscent of the classic Sauvignons of the central Loire valley. Full of incisive citrus fruit character, lifted herbaceous aromatics and cleansing acidity. Drink with fresh seafood.",10.99,,12.5,75.0,331,2017
Viñalba Fifty 50 2017 Uco Valley,Argentina,Red,Big ,Malbec,FULL,"Bordeaux winemaker Hervé Fabre made his name from Malbec, having been the first to make a single-varietal Malbec in Argentina. This wine is a 50/50 blend of Malbec and Cabernet Sauvignon, Argentina's 'other' great Bordeaux-sourced grape. Typically intense and vibrant, full of inky violet colour, with a juicy damson and blackcurrant backbone characterising both nose and palate. Toasty oak influence adds a touch of complexity. Perfect with a juicy roast leg of lamb.",12.99,"IWC 2018 - Bronze Award, Decanter 2018 - Silver Award",14.5,75.0,332,2017
"Castaway Island Chardonnay 2018, Gisborne",New Zealand,White,Fruity ,Chardonnay,DRY,"Years ago, New Zealand was a treacherous place to reach by sea. It's been responsible for countless shipwrecks. Premium Chardonnay is the Kiwi castaway. Overshadowed by Sauvignon Blanc, it's not given the focus it deserves on the wine-world stage. So it's still under the radar. And you can taste this world-beating expertise at a snip. You're in for a punchy cocktail of tropical fruit and melon, all balanced by zesty acidity. It shows the best of what's unique to Gisborne. You'll truly get lost in the abundance of fruit flavours in this. And you'll just find it here.",8.99,,13.0,75.0,333,2018
Catena Cabernet Sauvignon 2017 Mendoza,Argentina,Red,Big ,Cabernet Sauvignon,FULL,"Catena's Agrelo vineyards possess ideal soil and micro-climatic conditions for growing classic varieties such as Cabernet Sauvignon, and are renowned for producing wines of great finesse and elegance. Full bodied, with rich, dark, supremely concentrated cassis-scented black fruit and a warm, spicy finish. Excellent with steaks, roast beef or, if you are feeling adventurous, haggis.",13.99,IWC 2017 - Silver Award,13.5,75.0,334,2017
Haut Vol Rosé 2018 VdF,France,Rose,,"Grenache, Carignan",DRY,"While Provence tends to take the lion's share of the limelight when it comes to rosé, many producers throughout the rest of southern France are making superb value rosés in a similar style, using classic Grenache-based blends. A delicate rose petal pink, this is a light-bodied and delicately fruity rosé characterised by the sweet summer smells of strawberries and raspberries, and a refreshingly easy-going palate. Perfect for your summer barbecue, pairing well with grilled meats or dressed salads.",8.99,,13.0,75.0,339,2018
Kuhlmann-Platz Riesling 2018 Cave de Hunawihr,France,White,Crisp ,Riesling,OFF DRY,"This cooperative was started by a group of small producers in Hunawihr in 1954, but today has member growers throughout the Alsace heartland. Winemaking is headed by Nicolas Garde, an Alsace-born winemaker, schooled in Burgundy and New Zealand. A pale straw yellow, this wine is a classic Alsace Riesling, showing ripe pear and peach fruit, braced by a steely acidity. Clean and pure on the palate, finishing with a citrussy freshness. Drink now or within the next 5 years, with seafood or creamy fish dishes.",11.99,,12.5,75.0,341,2018
Terrazas de los Andes Selection Malbec 2016 Mendoza,Argentina,Red,Big ,Malbec,FULL,"From vineyards situated at over 1000 metres above sea level, this is a Malbec of Mendoza's trademark intensity and purity of fruit, which is further enhanced by use of only the free-run wine, aged for 12 months in a mixture of new and old French and American oak barrels. The wine is harmonious and smooth, with racy notes of violet and graphite accenting the backbone of plum and currant fruit, followed by a finish reminiscent of dry cherries, raisins and prunes. Ideal with rare roasted lamb or beef, or heavily seasoned rustic, meaty sausages.",16.99,,14.0,75.0,343,2016
Olivier Dubois Cuvée Prestige Sauvignon Blanc 2018,France,White,Fruity ,Sauvignon Blanc,DRY,"Sancerre and Pouilly Fumé Sauvignons demand regal sums. But if you head to Touraine you can discover the Loire Valley's best value. This is boasting all the aromatic, herby notes you'd expect from a top-shelf Sauvignon.",9.99,,12.5,75.0,344,2018
Luis Felipe Edwards Signature Series Viognier Reserva 2019 Rapel Valley,Chile,White,Fruity ,Viognier,DRY,"Luis Felipe Edwards is the largest family-owned winery in Chile, and have developed a wide range of markedly Chilean-style wines, from classic grape varieties. This Viognier is pressed in a protective atmosphere and spends only 2 months in oak, for maximum freshness. Light and fresh, yet intensely aromatic. Flavours of peach, apricot and ripe pears cascade across the palate, finishing with a refreshing acidic lift and gentle mineral grip. A great partner for mild spicy dishes, such as cajun chicken, Thai red curry, or sweet chilli and garlic prawns.",7.99,,13.5,75.0,347,2019
Alheit Limited Release Red Blend,South Africa,Red,Big ,"Cabernet Sauvignon, Syrah, Grenache, Cinsault, Carignan",MEDIUM,,19.99,,12.0,75.0,348,Unknown
Majestic Loves Pinot Grigio,,White,Crisp ,Pinot Grigio,DRY,Our Mission was to find the best tasting wines at £5.99 so we blind tasted 500 wines and chose the best irrespective of grape variety or country.,7.99,,12.0,75.0,349,Unknown
Beaujolais Lantignié 2018 Louis Jadot,France,Red,Fruity ,Gamay,MEDIUM,"The village of Latignié is just north-west of Regnié in the heart of the Beaujolais-Villages region. Maison Louis Jadot is a well known name across the Burgundy region. Their aim is to express the true nature of Burgundy and this wine is no exception. This is a bright, vibrant Gamay with moderate acidity and soft tannins, cherry and raspberry flavours and a pleasant finish. Best served lightly chilled either on its own or with cold meats and salads.",12.99,,14.0,75.0,351,2018
Farm Hand Shiraz 2018,Australia,Red,Big ,Shiraz,MEDIUM,"Ripe and fruity with enticing flavours of plum, cassis and spice and hints of suble, savoury oak this wine packs a lot of punch for it's price tag.",11.99,,13.5,75.0,352,2018
Côtes-du-Rhône Blanc 2016 Léon Perdigal,France,White,Rich ,"Viognier, Grenache, Roussanne, Bourboulenc, Clairette, Grenache Blanc",DRY,"This wine is a blend of five traditional white varieties sourced from several vineyard areas across the southern Rhône, including the districts of Vaucluse, Gard, Ardèche and Drôme. Fermented at low temperatures and matured without oak. An approachable wine with medium intensity and a gently complex nose of pear, white peach and delicate honeysuckle scents. A rounded palate with a pleasing balance between roundness and crisp acidity. A good all-rounder for pairing with food. Ideal with chicken or fish in light sauces.",9.99,Decanter 2018 - Bronze Award,13.0,75.0,353,2016
Ammazza Pinot Grigio IGT,Italy,White,Crisp ,Pinot Grigio,DRY,"Made in Verona this is a classic Pinot Grigio with delicate citrus and apple aromas and vibrant acidity. The flavours on the palate are zesty lemon, crisp apple and soft pear.",9.99,,12.0,75.0,354,Unknown
Stone Arka Chardonnay 2018,,White,Crisp ,Chardonnay,DRY,"Bulgaria is making some stunning value wines and this Chardonnay is a prime example with elegant flavours of peach, nectarine and citrus followed by a nutty finish.",9.99,,12.5,75.0,355,2018
Fallow's View Shiraz,South Africa,Red,Big ,Shiraz,LIGHT,"As a South African red fan, you know that the countrys trusty weather and luxurious conditions make it a hub for bang-for-your-buck wine. And its made by the Gabb familys Journeys End winery, which has won countless 90+ point scores from Robert Parker, Tim Atkin MW and Neal Martin to name just a few. Shropshire-born Roger Gabb founded Journeys End, in Stellenbosch, less than 25 years ago. Its since become one of South Africas leading wineries.",6.99,,13.0,75.0,358,Unknown
"Merf Chardonnay, 2017",USA,White,Rich ,Chardonnay,DRY,"With flavours of bright apple, pear, tropical fruit and delightful creamy notes from integrated oak, this is a Chardonnay to give even our ever-popular Bread & Butter Chardonnay a run for its money.",13.99,,14.5,75.0,359,2017
Napa Family Vineyards Cabernet Sauvignon 2017,,Red,Big ,Cabernet Sauvignon,MEDIUM,"Everything you'd hope from a classic Napa Valley Cab - rich and brooding with rich cassis, blackberry, and black cherry fruit juxtaposed against hints of cedar, but with supple tannins that provide a fantastic elegance.",22.99,,14.5,75.0,361,2017
Domaine Les Yeuses 'Les Epices' Syrah 2017 PGI Pays d'Oc,France,Red,Fruity ,Syrah,FULL,"Not far from the Mediterranean, Domaine Les Yeuses is near Mèze in the Languedoc region. Jean-Paul and Michel Dardé work together with winemaking consultants to ensure the best results from the soil, vines, grapes and climate. It has wonderfully spicy, perfumed Syrah fruit and an elegant softness and roundness which mark it out as a wine of quality. The finish is long, with an intriguing bitter-sweet pepper note. Superb complexity for the money, this award-winning wine will age for 2-3 years but is fantastic now with all manner of meat dishes.",11.99,,13.5,75.0,362,2017
"Zinopolois Zinfandel, 2017",,Red,Big ,Zinfandel,MEDIUM,"As suggested by the slightly otherworldly name - this Zin' sticks out from the crowd. It's expertly woven layers of sun-dried cherry, white pepper and tobacco. It was a no-brainer to grab this parcel to treat Zinfandel fans.",12.99,,14.0,75.0,363,2017
Santa Rita 120 Cabernet Franc 2016 Central Valley,Chile,Red,Big ,Cabernet Franc,MEDIUM,"As well as being a constituent of many Bordeaux blends, Cabernet Franc is the classic red variety of much of the Loire region, particularly Saumur and Chinon. This Chilean example offers a rare glimpse of Cabernet Franc a single varietal wine from outside of France. A medium-bodied, ruby red wine, offering aromas of ripe red berries, wild herbs and tomato leaf. The palate delivers ripe cherry and raspberry fruit, with both fresh acidity and rounded tannin. A great partner for soft cheeses and fresh tomato pasta dishes.",8.99,,13.0,75.0,365,2016
Santa Rita 120 Sauvignon Blanc 2017 Central Valley,Chile,White,Fruity ,Sauvignon Blanc,DRY,"Santa Rita's 120 range places the emphasis firmly on lively, up-front fruit flavours, and great value. Maximum fruit character is obtained by hand-harvesting and cold fermentation of the Sauvignon grapes, and the addition of 2% Semillon helps keep the blend well-rounded. Crisp and refreshing, this wine offers an abundance of grapefruit and lemon fruit flavours, delivered in a softer, more tropical fruit texture. A great party wine, endlessly gluggable on its own, or alongside seafood.",8.99,,13.5,75.0,366,2017
Morandé one to one Gewurztraminer 2017,Chile,White,Fruity ,Gewurztraminer,DRY,"The grapes for this wine are grown on low fertility soils in the Casablanca Valley. This combined with the cold maritime climate produce grapes that are highly aromatic and this translates into the wine. Intense and full of flavours such as lychee, orange blossom, melon and jasmine. While rich this wine is balanced by the fresh aromatic flavours. This will be a delight with spicy Asian dishes",8.99,,13.0,75.0,368,2017
Pouilly Fume Pierre Marchand 2018,France,White,Fruity ,Sauvignon Blanc,DRY,"This classic Pouilly Fume displays elements of gooseberry, citrus and apple with a fine, cleansing acidity and a delicious hint of smoke on the long finish.",14.99,Decanter 2019 - Silver Award,13.0,75.0,369,2018
Vina Vedra Albariño,Spain,White,Fruity ,Albariño,DRY,"Sustainably-made, modern, and delicious. Lots of vibrant green fruit and a zesty, citrus finish. Try with seafood-based dishes from the region and you'll be impressed!",12.99,,13.0,75.0,372,Unknown
Errazuriz Estate Series Pinot Noir 2018 Valle de Aconcagua,Chile,Red,Fruity ,Pinot Noir,MEDIUM,"Don Maximiano Errázuriz founded Viña Errázuriz in 1870 in the Valle de Aconcagua, 100 kms north of the capital city, Santiago. He realised that the cool, rainy winters and hot, dry summers combined with Pacific breezes to make it an ideal area to grow grapes. An attractive colour with an aromatic nose of cherries, floral notes and a touch of mint. The fresh palate displays fruit that is well-balanced by smoky nuances from the oak ageing. A smooth, silky mouthfeel make this an excellent partner to roast pork or fillet of salmon.",9.99,IWC 2017 - Silver Award,13.5,75.0,374,2018
"Sexy Beast Cabernet 2017 Two Hands, McLaren Vale",Australia,Red,Big ,Cabernet Sauvignon,FULL,"Two Hands source their Cabernet Sauvignon from a range of sites throughout McLaren Vale to make this voluptuous wine. Vinified in traditional open fermenters, the wine is then matured for 14 months in French oak hogsheads. A deep and lush ruby colour, with an alluring nose of rich fruit, and subtle touches of violet, smoke, and leafy herbs. Fulsome yet elegant, the tannins are smooth and the palate tightly structured. Enjoy immediately or cellar for up to 10 years.",21.99,,14.2,75.0,375,2017
Poste Restante Organic Verdejo 2018,,White,Crisp ,Verdejo,DRY,"Organically farmed this is a delightfully crisp, dry and refreshing addition to our range of Spanish whites. Vibrantly fruity this is packed with citrus, pear and intense herbal flavours.",9.99,,12.0,75.0,376,2018
Saint-Joseph 2017 Cave de Tain,France,Red,Smooth ,Syrah,MEDIUM,"This rich Syrah retains a remarkable freshness and purity of flavour. Bright blackcurrant and raspberry flavours are followed by notes of pepper, violets and minerals.",17.99,,13.5,75.0,377,2017
LFE 900 Single-Vineyard 2013 Colchagua Valley,Chile,Red,Big ,"Syrah, Grenache",FULL,"This wine is a blend of Syrah, Petite Syrah, Grenache and Mourvedre. All are sourced from the same high-altitude vineyard in Colchagua Valley, which enjoys average temperatures 3ºC lower than in the valley floor, producing intensely flavoured, slow-ripened grapes. As a result the wine is a symphony of ripe, dense black fruit flavour, structured by muscular yet velvety tannins.",16.99,IWC 2017 - Silver Award,14.5,75.0,379,2013
Bourgogne Pinot Noir 'Les Pierres Rouges' 2017 Louis Jadot,France,Red,Fruity ,Pinot Noir,MEDIUM,"Maison Louis Jadot has been making wine in Burgundy since before 1859. With an unwavering dedication to quality, winemaker Jacques Lardière aims for excellence with all his wines. Displaying subtle hints of red fruit and violets on the nose, with a well rounded palate of cherry and raspberry fruit with a rounded texture. Gently tannic and with good length. Drinking superbly on its own, also try this with small game.",16.99,,13.0,75.0,380,2017
Champ Libre Chenin Blanc 2017,France,White,Fruity ,"Chenin Blanc, Chenin Blanc",DRY,"Chenin Blanc has been grown by the Loire for over 100 years and is something of a regional speciality. Aromas of golden apple & ripe citrus with peachy flavours & a tangy apple skin finish. Match with thai dishes, pan fried fish or roast chicken",11.99,,11.5,75.0,381,2017
Catena Alta Malbec 2016 Mendoza,Argentina,Red,Big ,Malbec,FULL,"In 1994 Catena Alta became one of the first premium Malbecs to be exported from Argentina. From the best rows of vines, rigorously sorted and aged in French oak, 70% of which is new. Quintessential Malbec, displaying the power and ageing potential of Argentina. Deep purple in colour, with intense aromas of blackberry with hints of violets, sweet spices, vanilla and tobacco. Full bodied with integrated ripe tannins, black pepper spice and a lingering finish. Decant well in advance and enjoy over the next decade. It may be clichéd, but steak, meat and more meat provide for a fantastic match.",33.0,,13.5,75.0,384,2016
Bienbebido Pulpo Albariño 2018,Spain,White,Crisp ,Albariño,DRY,"Perhaps unsurprisingly given the seafood-rich gastronomy of Spain's north coast, Vintae have settled on the region's most famous white, Albariño as their ideal accompaniment for octopus, a typical dish of Galicia and the Basque country. A fresh and vibrant wine with a pleasant balance between citrussy refreshment and easy-going apple and stone-fruit flavours, delivered on a satisfyingly soft-edged palate. Will pair well with many flavoursome seafood dishes, but try it with octopus dressed with olive oil and paprika for the full experience.",9.99,,12.5,75.0,386,2018
San Huberto Malbec La Rioja,Argentina,Red,Big ,"Malbec, Rioja",MEDIUM,"Deep ruby coloured with smoky black fruits of cassis, blackberry and spice. The concentration of the wine performs well above its price point with soft tannins and a long finish.",9.99,,13.5,75.0,387,Unknown
Bourgogne Chardonnay 'Les Chenaudières' 2016/17 Cave de Lugny,France,White,Crisp ,Chardonnay,DRY,"A stylish wine from one of Burgundy's most reliable and reputable cooperatives. Cave de Lugny is situated in the heart of the Mâconnais, and is the biggest producer of the region. Crisp and elegant with citrus and apple fruit characters alongside a lovely streak of minerality. Refined and classy, with good length. Ideally partnered with light seafood dishes. Drink well chilled and in its youth.",12.99,"Decanter 2018 - Bronze Award, Decanter 2017 - Bronze Award",13.0,75.0,392,2016
Santa Rita Medalla Real Chardonnay 2018 Limari Valley,Chile,White,Rich ,Chardonnay,DRY,"Sourced mainly from the Limarí Valley, the northernmost vineyard district in Chile. Although closer to the equator, the valley is efficiently cooled by sea breezes, due to its east-west orientation. This Chardonnay is barrel fermented and undergoes regular lees stirring. Bright golden in colour, with a faint green tint. The nose offers good ripeness, with citrus aromas turning to a softer, more apple and stone fruit character. Weighty and creamy on the palate. Balances well with oily fish such as baked sea bass, barbecued pork belly or roasted poultry.",11.99,IWC 2018 - Silver Award,13.5,75.0,393,2018
Domaine de la Métairie dAlon Pinot Noir 2017,,Red,Fruity ,Pinot Noir,MEDIUM,"Coming from the highest plot on the 25 hectare estate the grapes produces an extremely Burgundian style of Pinot Noir. Fresh and fine this is an expressive wine where cherry, blueberry and redcurrant fruit flavours intermingle with notes of spice and rhubarb. The tannins are now well integrated and slightly peppery, the finish is long and clean with just a touch of liquorice.",22.99,,14.0,75.0,394,2017
Dog Point Chardonnay 2015 Marlborough,New Zealand,White,Rich ,Chardonnay,DRY,"18 months in mainly old French oak barrels has formed this top quality Marlborough Chardonnay into a genuine rival to premier cru Burgundy. Straw coloured, with aromas of flint, grapefruit peel and ripe citrus fruits are framed by nutty mineral nuances in this wine. Seamlessly integrated oak leads into a wonderfully balanced Chardonnay with a concentrated and lively finish. Will reward careful cellaring of 3-5 years.",28.0,,14.0,75.0,396,2015
Spring Break Chardonnay 2017,,White,Rich ,Chardonnay,DRY,"Californian Chardonnay without the oak? Yes! It's a clean, fresh white with notes of green apple, layers of ripe peach and a drizzling of honey.",7.99,,13.0,75.0,398,2017
Fallow's View Shiraz,South Africa,Red,Big ,Shiraz,LIGHT,"As a South African red fan, you know that the countrys trusty weather and luxurious conditions make it a hub for bang-for-your-buck wine. And its made by the Gabb familys Journeys End winery, which has won countless 90+ point scores from Robert Parker, Tim Atkin MW and Neal Martin to name just a few. Shropshire-born Roger Gabb founded Journeys End, in Stellenbosch, less than 25 years ago. Its since become one of South Africas leading wineries.",6.99,,13.0,75.0,399,Unknown
"Clare Wine Co Watervale Riesling 2018, Clare Valley",,White,Crisp ,Riesling,DRY,Perfectly balanced the acidity here add a delightful freshness without overpowering the lime and apple flavours that flow on to a gently floral finish.,12.99,,12.5,75.0,401,2018
Gabb Family Chardonnay 2018,South Africa,White,Rich ,Chardonnay,DRY,Situated in the most Southerly part of Stellenbosch the cooler climate of the vineyards produces a premium wine with rich and complex flavours of Vanilla and butterscoth balanced by a fresh citrus finish.,14.99,,13.5,75.0,402,2018
Rioja Roda I Reserva 2013 Bodegas Roda,Spain,Red,Smooth ,Rioja,MEDIUM,"No expense has been spared at Bodegas Roda in trying to produce the finest wines in this famous region. Huge investment in both vineyard and winery coupled with incredibly high standards produce a modern and sexy wine which has critics cooing. This Reserva is produced from some very old, extremely low yielding vines. 2009 was a strong vintage in Rioja, and the Reserva has plenty of weight and fine-grained tannins, and an immense nose of incense and spice. Drink now or over the next 3-5 years.",48.0,,14.5,75.0,404,2013
Gabb Family Sauvignon Blanc,South Africa,White,Fruity ,Sauvignon Blanc,DRY,"A pronounced nose, with lime, green fig, kiwi fruit, gooseberries and hints of herbaciousness and minerality. The palate displays beautiful kiwi fruit and tangy green apple.",14.99,,13.0,75.0,406,Unknown
Dr Loosen Slate Hill Riesling 2018,Germany,White,Sweet ,Riesling,MEDIUM,"The Dr Loosen has been in the same family for over 200 years and included vines in some of the best vineyards in Germany. Yields are stricly limited with rigourous selection to remove inferior fruit before vinification. This is a classic, fragrant and honeyed Riesling with pungent fruit flavours of peach, apricot and lime. The finish is refreshingly mineral making this a dangerously quaffable wine. Enjoy this with asian spiced dishes",11.99,,8.5,75.0,407,2018
Abbotts & Delaunay Mourvedre 2017,France,Red,Fruity ,Mourvedre,FULL,We love the wines Abbotts & Delaunay make in the Aude region of the Languedoc. The Mouvedre is deep and intense with black fruit flavours to the fore. For such a rich wine the finish is surprizingly smooth and fresh with notes of spice.,9.99,,13.0,75.0,408,2017
Hexadique Cote du Rhone Blanc,France,White,Rich ,"Viognier, Grenache",DRY,"A fresh style of Côtes du Rhône Blanc; delicate floral notes and a hint of oak lead to a fresh medium-bodied palate with flavours of pears, melon and honeysuckle.",11.99,,13.5,75.0,409,Unknown
Penfolds Max's Shiraz Cabernet Sauvignon 2016,Australia,Red,Big ,"Cabernet Sauvignon, Shiraz",MEDIUM,Rich and complex the Shiraz adds blueberry flavoured fruitiness while the Cabernet brings a mineral complexity reminiscent of slate and iron filings.,22.99,,14.0,75.0,410,2016
Vasse Felix Heytesbury Chardonnay 2015 Margaret River,Australia,White,Rich ,Chardonnay,DRY,"Produced in the Wilyabrup sub region of Margaret River region of Western Australia, from grapes grown under the influence of nearby oceans. Fermented using wild yeasts and matured for 10 months in French Oak, Heytesbury is a barrel selection of the best Chardonnay. Rich and buttery aromas with stone-fruits, vanilla, peaches and toast. Medium weight yet opulent, with layers of complexity; citrus notes, hints of cream and a long, intense finish. The wine has the capacity to age for the next 5 years or enjoyed now. Drink with roasted seafood, creamy sauces and roasted poultry.",44.99,,13.0,75.0,411,2015
Far Out Merlot,USA,Red,Fruity ,Merlot,LIGHT,"Ripe plummy with an excellent depth of flavour this possesses ripe tannins, and elegant structure and a long finish.",7.99,,13.0,75.0,413,Unknown
Côtes du Rhône 2016 Vidal-Fleury,France,Red,Smooth ,"Syrah, Grenache, Carignan",MEDIUM,"Vidal-Fleury is the Rhône Valley's oldest continuously-operating winery, established in 1781. Today, head winemaker is Guy Sarton du Jonchay, whose experience takes in Bordeaux, Australia's Rosemount Estate and Cavas de Weinert of Argentina. Brilliant garnet in colour, with a classic Rhône nose of bramble fruits and heady spice. The medium-bodied palate has fresh and snappy red fruit surrounded by firm and persistent tannins. Serve alongside Lyonnaise sausage or a herby cassoulet with duck confit.",11.99,,14.0,75.0,416,2016
Pietrariccia Fiano 2018 Surani,Italy,White,Fruity ,Fiano,DRY,"Masseria Surani is an estate dating back to the early 1900's, and is located just 6km from the Ionian coast in Apuglia, Italy's 'heel'. The Fiano grape is found almost exclusively in southern Italy and Sicily, and is thought to have it origins in ancient Greece. A bright lemon colour with a golden tinge. The nose offers an inviting mixture of citrus and tropical fruit with floral hints. Crisp acidity and good palate texture make for a refreshing, satisfying feel. Drink with a salad, generously dressed with olive oil, anchovies and pine kernels.",11.99,,13.0,75.0,417,2018
Fitou Fleurs de la Vigne 2017,France,Red,Fruity ,"Syrah, Grenache",MEDIUM,"Fitou, Fleurs de la Vigne is produced from low yielding vines in the coastal area of the fitou appellation. It is made from carignan, grenache and mourvèdre - the carignan adds the back bone and structure to the wine , the grenache the juicy fruit and the mourvèdre the rich aromas. Aromas and flavours of brambles, plum and rosemary ooze out with well structured body and complexity. Wild boar stew ! So it is particularly good with red meats but also sausages and meat pies or just a good juicy steak",11.99,,13.0,75.0,418,2017
Le Vassal de Mercues Malbec Cahors 2015/16,France,Red,Big ,Malbec,MEDIUM,"Mendoza's rightly celebrated for its fruit-packed Malbec. But Cahors is where you'll discover its more refined, elegant brother. Powerful flavours of black cherry, redcurrants and spices will indulge your palate to make every sip more inviting. Powerful flavours of black cherry, redcurrant and spices alongside a silky smooth coating of tannins to give this wine its richness. Mature cheddar, Gouda and blue veined cheeses beckon you while holding a glass of this glorious Cahor Malbec",13.99,,13.0,75.0,419,2015
Orvieto Classico Secco Vigneto Mortaro 2018 Barberani,Italy,White,Crisp ,Barbera,DRY,"Orvieto is a DOC wine and comes from the area surrounding the medieval hill city of Orvieto in Umbria, where Pope Clement VII fled following the sacking of Rome. Traditionally vinified sweet, it is now dry more often than not. Attractive pale colour with green lights and a fresh, fruity nose. Clean and full of citrussy fruity, with a nice nuttiness on the palate and a very crisp finish. This will go really well with a salmon, pasta and pesto salad.",11.99,,12.0,75.0,421,2018
Abbott's & Delaunay Fruits Sauvage Sauvignon Blanc 2017,France,White,Fruity ,Sauvignon Blanc,DRY,"Expect uplifting aromas of lemon, passionfruit and honeysuckle, perfectly brushed with a fine stroke of acidity. Enchantingly aromatic, balanced and rich - this is elegant Sauvignon Blanc at its finest.",10.99,,13.0,75.0,422,2017
The Fox Moth Merlot,,Red,Fruity ,Merlot,MEDIUM,New Zealand may be more famous for Sauvignon Blanc and Pinot Noir but ripe plum and blackcurrant flavours of this soft and plummy Merlot show there is more to discover.,14.99,,13.5,75.0,423,Unknown
Jean Bon Merlot IGP Pays D'Oc 2018,France,Red,Fruity ,Merlot,MEDIUM,"After a red for your Sunday roast? Look no further. Flavour-packed notes of blackberries, jam and redcurrants entwine with hints of regal spices and black pepper. Notes of cassis, raspberry and hints of black pepper compliment the palate while being serenaded by the aroma of sweet black berries. A warming veal dish accompanied by roasted mixed vegetables.",7.99,,13.5,75.0,424,2018
"Decoy Zinfandel 2017 Duckhorn, Sonoma County",USA,Red,Big ,Zinfandel,FULL,"Duckhorn Vineyards was established in 1976 by Dan and Margaret Duckhorn, originally focusing on Bordeaux varieties. They have since embraced other grapes such as Zinfandel here, and grown to incorporate seven estates, representing the Napa Valley's various microclimates. A generous and straightforward wine, with a defined nose of blueberry, cherry and loganberry fruit, accented by soft vanilla oak. The palate is more robust, with the lush fruit framed by firm tannins. A great accompaniment to the savoury flavours of game, venison or duck confit.",25.0,,14.0,75.0,425,2017
Fallow's View Sauvignon Blanc,South Africa,White,Fruity ,Sauvignon Blanc,DRY,"As a South African red fan, you know that the countrys trusty weather and luxurious conditions make it a hub for bang-for-your-buck wine. And its made by the Gabb familys Journeys End winery, which has won countless 90+ point scores from Robert Parker, Tim Atkin MW and Neal Martin to name just a few. Shropshire-born Roger Gabb founded Journeys End, in Stellenbosch, less than 25 years ago. Its since become one of South Africas leading wineries.",6.99,,12.5,75.0,427,Unknown
Bread & Butter Pinot Noir 2016,,Red,Big ,Pinot Noir,LIGHT,"Named after the flavours primarily associated with Californian wines, Bread and Butter have already come up trumps with a sell-out Chardonnay WIGIG (when it's gone, it's gone) that gained an impressive 100% 'Buy It Again' rating! Hot on its heels is this delicious Pinot Noir. All about juicy red fruit (think cranberries, cherries and raspberries), and delicate hints of cedar, smoke, and bay leaf - it's set to surpass even its white compatriot.",15.99,,13.5,75.0,430,2016
Pouilly Fumé Grebet 2018 Les Chants de Cri,France,White,Fruity ,Sauvignon Blanc,DRY,Over two thirds of the 2016 harvest was destroyed by frosts and the remaining 2015 wines are now extremely scarce so this parcel of text book Pouilly-Fume with it classic flavours of green apple and smoky notes should be snapped up while it can,15.99,,13.5,75.0,431,2018
"Mas de la Dona, Cotes de Roussillon Villages 2018",France,Red,Fruity ,"Syrah, Grenache",MEDIUM,Made exclusively for Majestic by the famed Chateau Dona Baissass (a favourite of Robert Parker) this wine is brimming with concentrated dark fruit and spicy prune flavours. Made exclusively for Majestic by the famed Chateau Dona Baissass (a favourite of Robert Parker) this wine is brimming with concentrated dark fruit and spicy prune flavours. A hearty beef or lamb dish with rich sauce and helpings of herbaceous potatoes.,12.99,,15.5,75.0,432,2018
Saint Clair Estate Selection Sauvignon Blanc 2018 Marlborough,New Zealand,White,Fruity ,Sauvignon Blanc,DRY,"Marlborough is the New World's most famous Sauvignon region. Saint Clair is one of its leading producers. In fact, it was previously crowned 'New World Producer of the Year'! You'll taste why in expertly layered flavours of gooseberry, passion fruit and a dusting of herbs.",12.99,"IWC 2019 - Commended Award, IWC 2018 - Bronze Award",12.5,75.0,433,2018
Domaine Saint Ferréol Viognier Grande Réserve 2015 Pays d'Oc,France,White,Rich ,Viognier,DRY,"Wine has been produced at Ch. Saint Ferreol since 1146. Since 2000 the property has been owned by Jorje Maslakiewicz who is gaining a reputation for making the best viognier in the Languedoc. His wines are reminiscent of Condrieu but come without the Condrieu price tag. A bright straw colour with complex aromas of peach and honeysuckle. The palate has flavours of peach, apricot and spice. Enjoy with white meats such as turkey or pork as well as with spicy Indian and Asian dishes.",17.99,,13.0,75.0,435,2015
Duque de Cantos Rioja,,Red,Smooth ,Rioja,LIGHT,Bright and fresh with intense red fruit flavours reminiscent of strawberries and redcurrants followed by notes of spice and liqourice.,7.99,,13.5,75.0,437,Unknown
Vinalba Malbec Bonarda 2018,Argentina,Red,Big ,"Malbec, Bonarda",FULL,Vinalba are one of our and our customer's favourite Argentinean wineries. The latest addition to the range is a perfect and rich balance between Malbec and Bonarda with fresh cherry flavours and floral notes.,9.99,"Decanter 2019 - Commended Award, IWC 2018 - Silver Award, Decanter 2018 - Gold Award",14.0,75.0,439,2018
"Châteauneuf-du-Pape 2017, Léon Perdigal",France,Red,Big ,"Syrah, Grenache, Cinsault",MEDIUM,"From one of our favourite Rhone producers this is rich and heady with intense flavours of red plums and bramble followed by notes of pepper, thyme and liquorice on the long, silky smooth finish.",24.99,,14.5,75.0,440,2017
Rioja Reserva Imperial 2015 CVNE,Spain,Red,Smooth ,Rioja,FULL,"Compañía Vinícola del Norte de España, CVNE, was founded in 1879 in Haro, Rioja. Named Imperial because it was originally exported to the UK in imperial pint sized bottles, this is one of the best Rioja Reservas around. Fine garnet colour with terracotta tinge. Vanilla notes on the nose, with sloes, mulberries and spice. Stewed currant fruit on the palate, dry and elegant with great richness and a fine long finish. Drink with slow-cooked lamb. Decant before serving.",24.99,Decanter 2017 - Gold Award,14.0,75.0,441,2015
Waimea Estate Elara Oaked Sauvignon Blanc 2018,New Zealand,White,Fruity ,Sauvignon Blanc,DRY,"Whilst Bordeaux and Californian whites are often oaked, it's rare to find a reasonably priced New World example. Cloudy Bay and Dog Point are best-known, but rarely drop below £20. Which is why the Elara is so special. Undergoing a gentle 'Burgundian-style' bâtonnage and matured in new oak - it's a stunningly elegant white. Don't expect a wallop of woody flavour, like the best wines the impact is subtle. You'll quickly find the slight creaminess and hints of vanilla and almond sit neatly atop the plump palette of ripe stone fruit and blackcurrant leaf.",11.99,,13.0,75.0,442,2018
"Lâchez-Vous Grenache-Syrah, 2017",,Red,Fruity ,"Syrah, Grenache",MEDIUM,"Cutting through the red tape of French wine laws, this is a modern blend of the very best parcels of Grenache and Syrah from across France. With lashings of juicy raspberry, strawberry and sweet spice, Lâchez-Vous or ""Cut Loose"" is an homage to the rebellious free-spirited winemaking of the Languedoc. A wine for those not afraid to challenge the status-quo. Great with pretty much everything...except fish. It's awful with fish. The nose displays mostly fresh red and blue berries notes with a hint of spices, peppermint, underlined by sandalwood. Enjoy alongside a meat filled charcuterie or vegetable stew.",9.99,,13.5,75.0,446,2017
Miss Lucy Sauvignon Pinot Gris,South Africa,White,Fruity ,Sauvignon Blanc,DRY,Crisp and fresh citrus flavours of grapefruit are to the fore in the elegant and fresh wine. A perfect match for seafood the fruitiness gives way to a fine mineral finish.,19.99,,12.5,75.0,448,Unknown
"Waimea Estate Albariño 2018, Nelson",New Zealand,White,Fruity ,Albariño,DRY,"The Waimea takes best of Spanish Albariño and adds an extra level of New Zealand exuberance. Lifted aromas of white peach, orange blossom and ocean spray spill from the glass. They are matched by fresh, vibrant acidity with ripe stone fruit and citrus peel before a chalky minerality at the finish.",12.99,,13.0,75.0,449,2018
Catena Alta Chardonnay 2018 Mendoza,Argentina,White,Rich ,Chardonnay,DRY,"Catena sources fruit from the best vineyard rows for the Catena Alta wines. This Chardonnay hails from the Adrianna vineyard, located 1,500 metres above sea level, with shallow sandy, rocky soils. Bursting with fruit and minerality. Tropical mango and pineapple alongside ripe pear and fig flavours. Notes of sweet spice enhances the rich palate and finishes with great freshness and a long length. A classy wine deserves classy food. Try with lobster or duck à l'orange.",26.0,,13.5,75.0,452,2018
Muscadet 2018 Jean Sablenay,France,White,Crisp ,Melon de Bourgogne,DRY,"Muscadet comes from the area around the city of Nantes, where the Loire Valley region nears the Atlantic coast, and has therefore developed a famous association with seafood. This example is made by Lacheteau, a family winery based in nearby Anjou. Clean, crisp and refreshing, this classic Muscadet has a backbone of lemon and lime flavour with a hint of minerality, fresh acidity and a delicately herbaceous edge. At its best with simple white fish and seafood dishes. Try with smoked haddock.",9.49,,11.5,75.0,453,2018
Cuvée Sainte Geneviève Rouge VdF,France,Red,Fruity ,"Grenache, Carignan",LIGHT,"This wine is made from grapes sourced from a number of growers, and vinified at Caves de Landiras, a state-of-the-art winery at the heart of the winemaking scene for many small vaineyards in the south and southwest corners of France. Supple and inviting, this wine blends the soft and jammy raspberry fruit of ripe Grenache with the firming influences of Carignan's blackberry flavours and robust tannin. Light-to medium-bodied, this wine will partner with anything from cold cuts to flavoursome pasta dishes.",6.99,,12.5,75.0,454,Unknown
Last Batch Shiraz,Australia,Red,Big ,Shiraz,MEDIUM,"There's nothing that comes close to the big, bold, and bramble-packed Aussie Shiraz. It's what put the country on the wine-world map. Bursting with plum, spice, mocha and a velvet-smooth finish, this is a prime example of just why.",8.99,,14.5,75.0,455,Unknown
Zingo Malbec Rosé 2018,France,Rose,,Malbec,DRY,"Hop on a trip and take off like a Zingo! Enjoy this exuberant and refreshing Malbec rosé, it is as colourful as the Flamingos. Full of aromas of sun-ripened strawberry and raspberry and enhanced by light peppery hints, it will take you on an intense and elegant journey in the South of France! An explosion of aromas and fruity flavours packed into a funky and attractive packaging. Its transparent bottle shows its wonderful bright pink colour, and its label, well it speaks for itself doesn't it ? Full of sun-ripened strawberry and raspberry flavours, enhanced by the light hints of pepper. This wine pairs well with any light chicken, fish or salad dishes. Alternatively just drink it on a summers day!",9.99,,13.0,75.0,457,2018
Errazuriz Sauvignon Blanc 2017 Casablanca Valley,Chile,White,Fruity ,Sauvignon Blanc,DRY,"This cool-climate Sauvignon Blanc from Errazuriz comes from the Casablanca Valley, which is heavily moderated by its close proximity to the Pacific Ocean and benefiting from cool air and morning fogs. This wine is a classic example of a clean modern cool climate Sauvignon Blanc. It displays aromas of gooseberries and guava on the nose and is dry yet fruity on the palate. Enjoy with barbecued king prawns with a citrus twist.",9.99,"IWC 2018 - Bronze Award, IWC 2017 - Bronze Award, Decanter 2017 - Silver Award",13.5,75.0,458,2017
Nettie Zinfandel 2017,,Red,Big ,Zinfandel,MEDIUM,"The Nettie is a classic style of Californian Zinfandel. Bright red fruit flavours reminscent of raspberry and redcurrant are followed by notes of spice and liquorice. Full bodied with a more rounded, subtle texture. Flavours of ripe plum and cherries with aromas of liquorice, toast and spiced oak. We recommend that you try this with a variety of red meats, delightful roast duck or even dark chocolate at dessert time.",9.99,,14.5,75.0,459,2017
Austrian Hills Gruner Veltliner,Austria,White,Crisp ,Gruner Veltliner,DRY,"Grüner Veltliner has been believed to date back to Roman times, with its name being derived from Veltlin in northern Italy, though ampelographers and wine historians have yet to find a link between the grape and the Italian commune.The grape is likely indigenous to Austria.",11.99,,12.5,75.0,460,Unknown
Main Divide Pinot Noir,,Red,Fruity ,Pinot Noir,LIGHT,"It is bright ruby in appearance with complex aromas of red and dark fruits, such as raspberries, blackberries, black cherries and purple plums. Layered beneath this are hints of chocolate, vanilla and spice. On the palate it is rich and powerful, with ripe and velvety tannins adding a satisfying mouth feel. This season's smaller crop has resulted in a wine with excellent concentration, structure and length.",19.99,,14.0,75.0,461,Unknown
Bourgogne Chardonnay 2013 Domaine Jomain,France,White,Rich ,Chardonnay,DRY,"A parcel from the respected Domaine Jomain, this white Burgundy comes exclusively from vines bordering the appellation of Puligny-Montrachet imparting a real elegance and minerality to the wine. A bright and fruity nose. Toasty oak, a fresh citrus tang, and hints of vanilla and flora. The slightly buttery texture on the palate goes on to a long, complex finish. Very approachable in its youth, but will reward a year or two of bottle age. A good partner to scallops.",16.99,,13.0,75.0,464,2013
"The Lodge Hill Riesling 2018 Jim Barry, Clare Valley",Australia,White,Crisp ,Riesling,DRY,"The late Jim Barry was one of the pioneers of winemaking in the Clare Valley. Purchased by Jim Barry in 1977, The Lodge Hill vineyard is one of the higher sites in the area, making it relatively cool and ideal for producing the steely style of Riesling typical of Clare. Straw coloured with green hues. Rich and lifted aromas of citrus fruit, nectarine and kumquat. Firm, zingy natural acidity on the palate, supporting flavours of white peach and mandarin orange. Enjoy with seared scallops or Oysters Kirkpatrick.",12.99,,12.5,75.0,465,2018
Casillero del Diablo Cabernet Sauvignon 2017,Chile,Red,Smooth ,Cabernet Sauvignon,MEDIUM,"Whilst the 'devil' that inspired the name behind this famous red was a winemaker's invention to scare off cellar thieves - it clearly didn't do enough to ward off British taste buds. Now a national favourite, its a quintessential Chilean Cab and its silky red-fruit flavours are hard to beat!",8.99,,13.5,75.0,467,2017
"Nikau Point Single Vineyard Sauvignon Blanc 2018, Marlborough",New Zealand,White,Fruity ,Sauvignon Blanc,DRY,"This single-vineyard Marlborough Sauvignon Is made from a specific spot handpicked by Matt Thompson, an 'International Winemaker of the Year'. Matt chose this vineyard due to its cool climate, and it has crafted an elegant, mineral white with notes of citrus and tropical fruit.",12.99,,12.5,75.0,468,2018
Thunderchild Bordeaux Blend,South Africa,Red,Big ,"Cabernet Sauvignon, Merlot, Cabernet Franc",MEDIUM,"Thunderchild Bordeaux Blend boasts a rich palate of red berries and ripe plum with a sophisticated savoury undertone, delivered through well-integrated tannins. In true Bordeaux blend style, this is a natural partner for rich foods.",17.99,,14.0,75.0,471,Unknown
Chalk Bay Pinot Noir 2018,New Zealand,Red,Fruity ,Pinot Noir,LIGHT,"Cherry red with a murky brown hue. A hint of Dark fruit, smoky & truffle.",10.99,,14.0,75.0,473,2018
Rioja Reserva 2014 Marqués de Cáceres,Spain,Red,Smooth ,Rioja,MEDIUM,"Located in Cenicero, in the heart of Rioja Alta, Cáceres was founded Enrique Forner in the late 1960s. Produced only in vintages classed as Very Good or Excellent when Tempranillo is at its expressive best, the Reserva is aged for 22 months in oak and 24 months in bottle. A dense bouquet of toasted aromas, red and black berries, luscious fruits and spices with a rich, layered body of spicy black fruits and succulent red fruits with integrated tannins, fresh acidity. Enjoy over the next six years, if you can resist it, with roast lamb, venison or game birds.",15.99,IWC 2017 - Silver Award,14.0,75.0,476,2014
Bourgogne Côte Chalonnaise 2016 La Buxynoise,France,White,Crisp ,Chardonnay,DRY,"The Côte Chalonnaise in the southern part of the Côte d'Or is responsible for the majority of winemaking in Burgundy, where cooperatives of growers produce some of the most consistently good quality wines such as this Chardonnay, representing great value. With just 3% of the blend fermented in new oak, this is a fresh and crisp Chardonnay with a focus on golden apple and citrus flavours, with very subtle texture and toastiness. The perfect white wine to accompany cod or other white fish cooked 'au gratin'.",14.99,,13.0,75.0,477,2016
El Aviador Tempranillo,,Red,Smooth ,Tempranillo,LIGHT,"Tempranillo is the Spanish grape variety par excellence and it is grown widely throughout the region of Castilla y Leon, having different local names like Tinta de Toro and Tinta del País. Aromas of red and black berries,with a hint of liquorice. Concentrated flavours of black fruits with a perfect balance between fruit and tannins. Round, soft and persistent. Lamb Tagine, Mediterranean mixed platter or mild cheeses.",6.99,,13.5,75.0,479,Unknown
Emperors Prize Pinot Noir 2017/2018,Australia,Red,Fruity ,Pinot Noir,LIGHT,From one of the best vintages in recent memory this Yarra Valley Pinot Noir is packed with red cherry flavours and floral notes that linger and finish with a touch of spice. Drink this by itself and savour every drop; or alongside roast duck with plum sauce.,14.99,,12.0,75.0,480,2018
Rioja Rosado 2017 Muga,Spain,Rose,,Rioja,DRY,"From vineyards at the foot of the Montes Obarenses, within the Rioja Alta region, planted on clay, limestone and alluvial soils. A twelve-hour maceration of the grapes precedes a 25-day fermentation in 1000 litre barrels to produce a delicate rosé. The Muga Rosé is a deep salmon colour, with intensely fresh, strawberry, raspberry and orange peel aromas. The domination of the Garnacha grape provides plenty of warm, spicy fruit with crisp acidity. An ideal apéritif, this wine can be enjoyed on its own and can also complement prawns in sweet chilli or garden salads.",12.99,,13.5,75.0,482,2017
"Rioja Gran Reserva 2009, Heredad Baroja",,Red,Smooth ,Rioja,MEDIUM,"The Herdad is sourced from vineyards more than 600 meters above sea level, where soils of limestone-clay, allow the grapes to reach perfect balance, ripeness and acidity. This Gran Reserva is only made in the best years, and is an elegant demonstration of how great aged Rioja can be. Expect smokey cherry fruit, hints of vanilla and pepper spice and a long refined finish",21.49,,14.0,75.0,484,2009
Spier Chardonnay,South Africa,White,Fruity ,Chardonnay,DRY,"Intensely fruity this possesses broad flavours of grapefruit, lime, apple, banana and pear followed by notes of vanilla and butterscotch from judicious use of oak.",11.99,,13.5,75.0,486,Unknown
Blind River Tekau Sauvignon Blanc 2018 Awatere Valley,New Zealand,White,Fruity ,Sauvignon Blanc,DRY,"Produced in limited quantities, Tekau is the product of fermenting selected Awatere Valley fruit in French oak barriques, using a naturally occurring vineyard yeast, effectively prompting a carefully controlled version of a 'wild ferment'. Lemon and lime fruit are accompanied by hints of apricot on the nose. The palate offers great depth, combining the citrus fruit with subtle brioche and hazelnut, and has a creamy finish. Enjoy with soft goat's cheeses. or pair with a grilled seafood dish.",22.0,"Decanter 2019 - Bronze Award, Decanter 2018 - Bronze Award, IWC 2017 - Commended Award, Decanter 2017 - Silver Award",13.5,75.0,487,2018
Gabb Family Cabernet Sauvignon,South Africa,Red,Big ,Cabernet Sauvignon,MEDIUM,"A core of rich blackcurrants and black plums, with a savoury overlay of meat extract, white pepper and mixed spice. The velvety texture is the result of maturation - the wine is at the perfect drinking age and has fine textured tannins.",14.99,,14.0,75.0,488,Unknown
Route 88 White Zinfandel 2015,USA,Rose,,Zinfandel,MEDIUM,"Bright coral in colour, with a delicious hint of sweetness, offset by a tangy acidity. The intense cherry and raspberry fruit burst enthusiastically onto the palate, with a fine natural spritz.",8.49,,12.0,75.0,489,2015
Chateau Recougne Blanc 2015,France,White,Rich ,Sauvignon Blanc,DRY,"Château Recougne is a family owned property whose wines have been making waves in the last decade attracting good reviews from Robert Parker's wine advocate. The wines are extremely well made, good value for money, traditionally Styled Bordeaux. This wine is bone dry and elegant with a zesty edge to the flavours of grapefruit and green apple. Extra body and roundness is added by the Semillon. This wine will be perfect with soft cheeses.",11.99,,13.5,75.0,491,2015
LFE 360 Carignan,,Red,Big ,Carignan,MEDIUM,"Subtle notes of cocoa are presented through a pronounced palate of blackberry and raspberry. The full, satisfying mouthfeel is neatly offset with a measured lick of freshness on the finish.",14.99,,14.5,75.0,495,Unknown
Pratuccio Chianti,,Red,Big ,"Sangiovese, Sangiovese",LIGHT,Dry and possessing a velvety softness this is an ideal food wine. Pair the cherry flavours with herb infused pasta and lamb dishes.,8.99,,12.0,75.0,497,Unknown
Last Batch Shiraz Cabernet,Australia,Red,Big ,Shiraz,MEDIUM,"The great Shiraz/Cabernet Sauvignon blend reigns supreme Down Under for good reason. This boasts succulent cherry and raspberry flavours, all tied together by a savoury lick.",8.99,,14.5,75.0,499,Unknown
Les Cent Foudres St Chinian,France,Red,Fruity ,"Syrah, Grenache",MEDIUM,"This is a blend of Grenache and Syrah. The former provides a red-fruit-packed jamminess, the latter hints of regal spices. Both thrive in a hot climate. St Chinian sees a seemingly endless sun-kissed summer. Grapes are in paradise here, plumping full to the brim with delicious juice. It tastes superb. A plentiful bouquet of blackberry, blackcurrant and raspberry meets spicy notes of black pepper. It's a powerful red that balances fruit and acidity with a liquorice-lined finish.",10.99,,14.0,75.0,500,Unknown
Montes Reserva Malbec 2017 Colchagua Valley,Chile,Red,Big ,Malbec,FULL,"This wine comes from some of Chile's oldest plantings of the Malbec grape, some of which are around 100 years old, in Colchagua Valley. It has been matured for just 6 months in French oak barrels, to add complexity and softness while maintaining the fruit character. A dark and intense ruby red, this wine brims with blueberry and raspberry fruit, with a subtle layer of vanilla, butterscotch and pudding spice aromas. Smooth and lightly savoury. Great with spaghetti bolognese.",9.99,,14.0,75.0,501,2017
Rioja Rosado 2018 Marqués de Cáceres,Spain,Rose,,Rioja,DRY,"A blend of 80% Tempranillo and 20% Grenache this wine is macerated for several hours before the skins are removed and then fermented in stainless steel tanks. An attractive, pale pink colour with a pleasant bouquet of strawberries and raspberries mingling with fresh, floral notes. The palate is fresh and lively with mineral nuances and long-lasting fruit. Rich yet balanced on the palate, it makes an excellent match to typical Mediterranean cuisine, such as paella and lightly spiced dishes.",8.99,,13.5,75.0,503,2018
"Eight Thousand Lakes Sauvignon Blanc 2018, Washington State",USA,White,Fruity ,Sauvignon Blanc,DRY,"Oz Clarke called it ""Gentle but very fresh, very appley with a tiny, attractive bitterness"" on James Martin's Saturday Morning. Still at a remarkably low price, it's the US sipper on its way to take the Kiwi Sauvignon crown.",9.99,,13.0,75.0,505,2018
St Hallett Faith Barossa Shiraz,,Red,Big ,Shiraz,MEDIUM,,16.99,,14.0,75.0,507,Unknown
Yering Station Estate Chardonnay 2015,,White,Rich ,Chardonnay,DRY,"Zippy lime and citrus fruits, creamy mid palate and warm toasty vanillin spice. Fresh and complex, the wine has a lovely weight with fine acidity, giving balance and length.",24.99,,13.0,75.0,508,2015
Majestic Loves Shiraz 2018,Australia,Red,Big ,Shiraz,FULL,Our mission was to find the best tasting wines at £5.99. So we blind tasted 500 wines and chose the best irrespective of grape variety or country. The Shiraz is full of dark fruits and subtle spice - perfect for the arrival of BBQ season.,6.99,,13.5,75.0,509,2018
Escarpment Pinot Noir 2016 Martinborough,New Zealand,Red,Fruity ,Pinot Noir,MEDIUM,"Located 5km east of Martinborough village, Escarpment own 24 hectares of alluvial gravel, terraced land that stretches along the banks of the Huangarua River. Plantings are weighted towards Pinot Noir (70%) but also include Chardonnay, Pinot Gris and Riesling. A perfumed, delicate Pinot Noir, with elegantly textured tannins and soft and supple fruit. Escarpment's style is one of 'the perfect mix of black, red and green fruit flavours'. It will cellar gracefully for up to 10 years. An excellent marriage with crispy pork belly.",25.0,,14.0,75.0,510,2016
BDX Merlot Cabernet 2017,France,Red,Fruity ,"Cabernet Sauvignon, Merlot, Cabernet Franc",MEDIUM,"This modern style of claret has bags of fruity flavours; plum, redcurrant and cherry. It is a fabulously approachable wine with soft, supple tannins and clean, fresh finish. Modern, fruit forward. Very approachable, clean red ripe fruits. Supple and smooth attack with soft tannins. Ready to be enjoyed as an aperitif. Pair with aged or cured meats, or go with a classic; rack of lamb with rosemary and thyme.",9.99,,13.0,75.0,511,2017
"Pieter Carstens Shiraz, WO Swartland",South Africa,Red,Big ,Shiraz,MEDIUM,"This Shiraz shows intense black cherry and blueberry fruit integrated with cigar box, coffee, clove and cinnamon spice. Full bodied with chewy berry fruit and plenty of peppery spice on the palate.",9.99,,13.5,75.0,512,Unknown
Crozes-Hermitage 2017 Cuvee Pallatin,France,Red,Smooth ,"Syrah, Shiraz",MEDIUM,"Blackberry, plum , thyme and rosemary flavours all feature in this gorgeous Crozes Hermitage. Rich and powerful this really packs a punch and will match perfectly with herby roast lamb.",13.99,,14.0,75.0,515,2017
Clos St-Jacques Riesling 2018,France,White,Crisp ,Riesling,OFF DRY,"Clos St-Jacques is a 10.5ha vineyard on the outskirts of the town of Colmar, the regional 'wine capital' of Alsace and one of the driest places in France. The dry conditions and stony vineyards have proven to be ideal for cultivation of Riesling. Typically dry and focused Alsatian Riesling, offering a lemony bouquet accented with hints of golden apple, acacia and smoky mineral notes. Has a mature, developed and firmly structured feel. Pair with trout or salmon, or with escargots.",13.99,,12.0,75.0,516,2018
Bourgogne Chardonnay La Chablisienne,France,White,Rich ,Chardonnay,DRY,"Founded back in 1923 and still going strong, it is said that they oversee approximately one-quarter of the region?s production, around 300 individual growers. Therefore, just like Georges Duboeuf in Beaujolais or Louis Jadot in the Cote d?Or, it is important that they maintain standards irrespective of high volumes, since their size ensures that they have an ambassadorial role for Chablis, for ordinary punters perhaps seeking to broaden their horizons.""",13.99,,12.5,75.0,519,Unknown
Making Tracks Viognier 2018,Australia,White,Fruity ,Viognier,DRY,"Fresh peach flavours entwine with a tropical, zesty body. The refreshing finish is awash with notes of grapefruit. It's your exquisite tipple to pair with Chinese dishes or seafood.",9.99,Decanter 2019 - Bronze Award,13.0,75.0,522,2018
Peter & Ulrich Dry Riesling 2018,Germany,White,Crisp ,Riesling,DRY,"Our Germany buyer Holly spent many months looking for a dry German Riesling before discovering this example from the small family winery Peter & Ulrich Griebeler in the Mosel. This wine is crisp and elegant with notes of ripe apple, peach and apricot. A perfect balance between rich fruit flavours and refreshing acidity with just a hint of minerality on the finish. A great food wine this will match with salads, fish or lightly spiced meat dishes.",12.99,,12.5,75.0,527,2018
Marquis de Pennautier Viognier 2018 PGI Pays d'Oc,France,White,Fruity ,Viognier,DRY,"Château de Pennautier has been in the Lorgeril family since 1620. Nicolas and Miren de Lorgeril are the tenth generation of vignerons at this historic domaine. The nose reveals honeysuckle, fresh apricots and even a hint of sherbet. Crisp and fresh, with flavours following aromas of the nose and a well balanced lingering finish. An excellent apéritif, however also goes well with all manner of salads, quiches, and grilled fish.",11.99,,13.5,75.0,532,2018
Loop Road Organic Pinot Noir,,Red,Fruity ,Pinot Noir,LIGHT,"It is nicely fragrant on the nose showing red cherry, cranberry, floral and black olive characters with hints of toasted nut and gamey notes. The palate is ripe and bright, and displays appealing fruit flavours with fine texture, well structured by polished tannins. The wine is elegant and rounded, and offers lovely drinking.",18.99,,14.0,75.0,534,Unknown
St Hallet Gamekeepers Shiraz Grenache Touriga,,Red,Big ,"Grenache, Shiraz",DRY,"Gamekeeper's Shiraz, Grenache & Touriga parcels are sourced from mostly southern Barossa Valley, with red brown loam over shale soils, perfect for highlighting fresh varietal characters of ripe red fruits with floral and spice notes.",14.99,,14.0,75.0,536,Unknown
The Bourgeoisie Cabernet Sauvignon,USA,Red,Big ,Cabernet Sauvignon,MEDIUM,"Classic Washington Cab Sav this possesses bold blackcurrant and dark cherry flavours with a delightful herbal finish. Refined and elegant this is a fabulous food friendly wine that will enhance dishes from red meats to charcuterie A medium body surrounded by red cherries, refreshing earthy notes and black currant This can be enjoyed with a range of charcuterie.",16.99,,13.5,75.0,537,Unknown
Coney Pizzicato Pinot Noir 2017 Martinborough,New Zealand,Red,Fruity ,Pinot Noir,MEDIUM,"Grown on the Martinborough terrace north of Wellington, by winemakers Debbie Christensen and Emma Easthorpe. The chewy tannins and complex fruit aromas of Martinborough wines shine through in this particularly expressive Pinot Noir. Ripe cherry, black fruits and smoky, savoury overtones with plum and pomegranate fruits combined with spicy, toasty, complex flavours complemented by integrated chewy tannins and a long, savoury finish. Good Kiwi Pinot can be enjoyed in its youth, or over five years. An ideal match with venison, game and pasta.",18.99,,14.0,75.0,538,2017
Val Duna Merlot,,Red,Smooth ,Merlot,MEDIUM,"Romania is rapidly becoming one of the go to countries for high quality, delicious wines that wont break the bank. This Merlot is soft and rounded with fine plum fruit flavours and a hint of spice. Fabulous value!",7.99,,13.5,75.0,539,Unknown
Vire Clesse Pierre Ponnelle,France,White,Crisp ,Chardonnay,DRY,Named after a winemaker who established his first vineyards in 1875 and quickly established a reputation for quality and finesse that continues to this day. This crisp and elegant with citrus and stone fruit flavours an a lovely mineral finish.,15.99,,12.5,75.0,540,Unknown
Viile Metamorfosis Feteasca Alba & Sauvignon Blanc,,White,Crisp ,Sauvignon Blanc,DRY,"Metamorfosis Feteasca Alba & Sauvignon Blanc is richly fragrant, with a lush palate of citrus and acacia that's underpinned by a sophisticated burst of minerality.",8.99,,13.0,75.0,545,Unknown
Peeps California Chardonnay 2018,,White,Rich ,Chardonnay,DRY,"Peeps Chardonnay is the best of both worlds. You can expect a buttery, rich Californian style turbocharged by an elegant European complexity. It's fresh, crisp decadence that pumps with notes of golden tropical fruit.",14.99,,13.5,75.0,546,2018
Errazuriz Estate Series Merlot 2018 Valle de Curicó,Chile,Red,Big ,Merlot,MEDIUM,"Errazuriz source their wines from a range of vinyard sites in the central part of Chile, where the Mediterranean climate and cold nights encourage good fruit purity. Only 50% of the wine has been aged in French oak for added complexity, while retaining fruit character. Youthful in character with a bright crimson colour. A fruit-driven nose, with plenty of soft plum and bramble, and the merest hint of vanilla and spice from the oak, and the blend's 15% Carmenere. Equally at home with pasta in simple tomato-based sauces, as it is with red meat, grilled chops or sausages.",9.99,IWC 2017 - Commended Award,13.5,75.0,548,2018
"Q Cabernet Sauvignon, Alexander Valley",USA,Red,Big ,Cabernet Sauvignon,FULL,"Alexander Valley is one of the most important regions for Cabernet in America. Its warm climate, and rich alluvial soils make it a genuine contender to Napa, producing a style of wine more fruit-driven than its earthy rival. No wonder then, that it's jam packed with superstar winemakers. Ridge Vineyards, Clos du Bois and Geyser Peak all produce flagship wines there. A blend of Cabernet and Merlot, aged in French oak for twelve months, the Q Cabernet is heady with a marriage of intense cassis and summer-pudding fruit, toasty cedar and roasted demerara sugar.",21.99,,13.5,75.0,549,Unknown
Trebuchet Chardonnay 2017 Western Cape,South Africa,White,Rich ,Chardonnay,DRY,"This Chardonnay is made by Journey's End winery, a small vineyard estate renovated, expanded and extensively replanted under the ownership of wine impresario Roger Gabb. In 2013, a 60ft working medieval trebuchet was erected on the estate as a focal point for events. A pale lemon yellow with youthfully green flashes, this wine has characteristic aromas of lime and tropical fruits. Gently crisp on the palate, providing plenty of refreshment. Enjoy chilled on its own, or with white meats.",8.99,,13.0,75.0,550,2017
Errazuriz Single Vineyard Sauvignon Blanc 2017 Casablanca Valley,Chile,White,Fruity ,Sauvignon Blanc,DRY,"The single vineyard blend is sourced from a specific block at La Escultura Estate, which was planted in 1992. This site is benefiting from sandy-loam soil and cool sea breezes. Freshly cut grass aromas complement those of green apple and pineapple, crisp acidity lends freshness to the intense and invigorating palate. The finish is dry and refreshing. Choose this wine if you are thinking of serving baked trout or salmon.",11.99,,13.5,75.0,551,2017
The Long Coast Cabernet Sauvignon,,Red,Big ,Cabernet Sauvignon,MEDIUM,Replete with luscious blackcurrant and dark cherry fruit flavours this delicious Cabernet finishes with a moreish hint of vanilla and white pepper.,10.99,,13.0,75.0,552,Unknown
Mon Plaisir de la Vallee Cabernet Franc 2016 VdF,France,Red,Fruity ,Cabernet Franc,MEDIUM,"""This fresh and vibrant red is stuffed with blackberry and blackcurrant flavours and a spicy finish. It will make a ideal summer red to enjoy with a BBQ or even the Sunday Roast.""",9.99,,12.5,75.0,553,2016
Latis Reserve Malbec,,Red,Fruity ,Malbec,MEDIUM,"This beautifully graceful dry red is bursting with fruit and an earthy warmth. Deep flavours of blackberry and smoky liquorice make this the perfect partner for big flavours. Enjoy with roasted meat, cassoulet or dark chocolate.",12.99,,13.5,75.0,554,Unknown
L'Etoile de Begude Chardonnay 2018 Limoux,France,White,Rich ,Chardonnay,DRY,"Domaine Begude is a small hilltop domaine very close to the town of Limoux, owned and managed by British couple James and Catherine Kinglake. The area is known for its relatively cool climate and hence its ability to produce crisp and aromatic Chardonnay, with characteristics to rival fine Burgundies, but at significantly more palatable prices. Enjoy with butter roasted chicken",15.99,"Decanter 2018 - Bronze Award, IWC 2017 - Bronze Award, Decanter 2017 - Gold Award",13.5,75.0,556,2018
"Decoy Merlot 2017 Duckhorn, Sonoma County",USA,Red,Big ,Merlot,FULL,"Duckhorn Vineyards were founded in 1976 in St Helena, in the heart of the Napa Valley. Their Decoy range is made from vineyards cultivated by several partner growers, but is crafted in Duckhorn's 'house style', with maturation in 100% French oak barrels. An inviting, approachable wine made from nearly 90% Merlot, with a lush sweet-fruited centre of bramble, cherry and plum. Subtle hints of sweet pudding spice lift the nose. Tannins are smooth and supple. Enjoy now or cellar for 3-5 years. Pair with lamb.",27.0,,14.0,75.0,558,2017
Lady Sauvignon 2018 Casablanca Valley,Chile,White,Fruity ,Sauvignon Blanc,DRY,"Casablanca Valley is thought of as Chile's first cool-climate wine region. Its first vineyards were planted in the mid-1980s and quickly established a reputation for producing crisp, focused white wines, owing to the cooling effects of maritime fog and sea breezes. Lithe and lively Sauvignon Blanc that showcases Casablanca's trademark style. Invigorating tropical fruit aromas and herbaceous notes are set against a backdrop of tangy, refreshing citrus. Chill well and enjoy on its own or with fresh seafood.",7.99,,13.0,75.0,559,2018
Lastarria Malbec 2018,Chile,Red,Big ,Malbec,FULL,"Made by Luis Felipe Edwards using grapes grown on loamy clay soil in the Cochalqua Valley. The wine is matured in second and thrid use French and American Oak barrels. Classic Malbec flavours and aromas of plum, blackcurrant and bramble are heightened by delicate floral and sweet spice notes. Great with red meats or with pork and chicken.",7.99,,13.5,75.0,560,2018
Gran Vendema Rioja Crianza 2015,Spain,Red,Smooth ,Rioja,MEDIUM,"A youthful Crianza wine made from 100% Tempranillo, from 10-15-year-old vines around Cenicero in the heart of Rioja. Aged for 12 months in American oak barrels and a further 12 months in bottle before release. Vibrant cherry red, with a nose dominated by raspberry and strawberry fruit and lashings of lifted oaky vanilla notes. The palate is supple and soft, with moderate tannins and an easy-going feel. Supremely versatile, this can be drunk on its own or paired with cured meats, pork chops, and all Mediterranean cuisine.",9.99,,14.0,75.0,561,2015
Château des Maures 2015 Lalande de Pomerol,France,Red,Big ,"Cabernet Sauvignon, Merlot, Cabernet Franc",MEDIUM,"A soft, plummy claret with concentrated black fruits and well structured tannins. Perfect served with roast meats or a variety of strong cheeses.",15.99,,14.0,75.0,562,2015
Making Tracks Shiraz-Cabernet,Australia,Red,Big ,Shiraz,MEDIUM,"Australia thrust the full potential of wine blending in the world's spotlight. Penfolds, the country's most celebrated brand, swears by the practice. You loved Making Tracks Shiraz, so we set the winemaker a task - make it better.",9.99,,14.0,75.0,563,Unknown
Winzer Krems Gruner Veltliner 2018,Austria,White,Crisp ,Gruner Veltliner,DRY,"Crisp, refreshing and the perfect accompaniment to Weiner Schnitzel this fine Gruner abounds in flavours of peach and citrus and finishes with notes of minerals and pepper.",9.99,,12.5,75.0,564,2018
"Bodega Lorca 'Esoterica' Bonarda 2018, Uco Valley",,Red,Big ,Bonarda,MEDIUM,"Bonarda is a variety on the up. Actually, the second most planted varietal in Argentina, it looks remarkably like Malbec in the glass. However, it delivers softer tannins, slightly more juicy-acidity, and lower alcohol. Furthermore, because Malbec is so popular little-known Bonarda remains a BARGAIN! So what does it taste like? Intense purple, with lovely notes of sweet black fruits, wild herbs and just a delicate touch of oak ? this is a delicious red. Very finely balanced with excellent fruit concentration it?s elegant, juicy and fresh.",11.99,,13.5,75.0,565,2018
Domaine Fichet Macon Burgy,France,White,Rich ,Chardonnay,DRY,"Situated a little to the east of the more well-known village of Lugny in the Mâconnais, Burgy produces elegant white Burgundies from some of the best vineyards in the region. Grapefruit and apples fill the air the moment this wine is poured, with tastes of apples and gentle vanilla oak. This Macon Burgy has a long finish which grabs you, whether you want to be grabbed or not. I could drink this every weekend without getting bored. It goes well as a light picnic wine as well as with a bowl of popcorn.",13.99,,13.0,75.0,566,Unknown
Saintsbury Pinot Noir 2014 Carneros,USA,Red,Fruity ,Pinot Noir,FULL,"The ethos of producing wine that maintains the hallmark of the vineyard rather than simply the mark of the producer dominates the winemaking philosophy for the Carneros Pinot Noir. Gentleness and restraint are critical in the selection of the grapes and in the élevage. Ripe red-fruit aromas with bitter black cherry, spice, cigar tobacco, mocha and vanilla. A ripe and textured palate of integrated tannins, red-fruit and spice with a fresh, weighty finish. Drinking well over the next four years, partner with duck, lamb and game.",26.0,,14.0,75.0,567,2014
Waimea Estate Pinot Noir 2017 Nelson,New Zealand,Red,Fruity ,Pinot Noir,MEDIUM,"Grown in Nelson, to the west of Marlborough, on stony loam soils with high sunshine hours and a moderating Maritime influence. The winemaking philosophy blends Old World techniques with pioneering methods now becoming commonplace in the New World. An elegant nose of black cherry, rose petal, cranberry and subtle oak with hints of spice. A medium bodied wine with luscious dark cherry, blossom fruits, silky soft tannins, and a generous mouthfeel. An excellent partner to red meat and game dishes or mushroom flavoured sauces. A wine to be enjoyed over the next four years.",14.99,"Decanter 2019 - Bronze Award, IWC 2018 - Bronze Award, IWC 2017 - Silver Award",13.5,75.0,568,2017
Hospices de Beaujeu 2017,France,Red,Fruity ,Gamay,MEDIUM,In existence since 1240 the Hospice de Beaujeu have received numerous donation of land over the years and now own 80.5 hectares of vineyards. This Gamay has a classic Burgundian character with lots of fruit flavours and woody notes.,10.99,,13.0,75.0,569,2017
Dog Point Sauvignon Blanc 2017 Marlborough,New Zealand,White,Fruity ,Sauvignon Blanc,DRY,"Dog Point is Marlborough's Wairau Valley on the south island. Grapes enjoy a long, cool growing season with little rainfall, enabling the development of vibrant fruit flavours. An enticing bouquet of ripe citrus and tropical fruits underlined by a steely minerality. The palate is fresh, concentrated and full bodied with an excellent balance between fruit and acidity. Enjoy with king prawns in a fresh lime dressing on a warm summer's day.",19.99,,12.5,75.0,570,2017
Peeps Lodi Zinfandel,,Red,Big ,Zinfandel,MEDIUM,"Peeps Lodi Zinfandel is crafted by a family of pioneering winemakers and growers whose experience dates back to 1968. It's now run by the third generation of the family and, to this day, practices its learned skills and traditions to craft consistently excellent Zinfandel. Peppery, lively and rich in ripe dark fruit and blackberry aromas - Zinfandel is the perfect foodie red. Partner with slow-roasted meat dishes and hearty steaks for a truly indulgent dining experience!",14.99,,14.0,75.0,571,Unknown
"Chateauneuf-Du-Pape Blanc, Famille Perrin, Les Sinards 2016",France,White,Rich ,"Grenache, Roussanne, Clairette, Grenache Blanc",DRY,,34.99,,14.5,75.0,573,2016
Making Tracks Cabernet Sauvignon 2017,Australia,Red,Big ,Cabernet Sauvignon,MEDIUM,This is a classic Australia Cab with rich blackcurrant and dark cherry flavours bound up with hints of vanilla and well integrated spicy oak.,9.99,,13.0,75.0,574,2017
Vinologist Chenin Blanc 2019,,White,Fruity ,"Chenin Blanc, Chenin Blanc",DRY,"The nose delicate yet complex with its aromas of fig, melon and greengage and subtle whiffs of citrus blossom, jasmine and chamomile. Nectarine, white peach, pineapple and yellow apple follow through onto a very intense, balanced palate.",9.99,,13.0,75.0,575,2019
"Mon Plaisir De La Vallee, Sauvignon Blanc, VdF 2018",France,White,Fruity ,Sauvignon Blanc,DRY,This vibrant and fresh wine is ideal for the summer months. Packed with citrus and tropical fruit flavours it really pack a punch.,8.99,,12.0,75.0,577,2018
Stellenrust Chenin Blanc B28 2018,,White,Fruity ,"Chenin Blanc, Albariño, Chenin Blanc",DRY,"The nose shows beautiful ripe yellow fruit supported by lime on the nose. These flavours carry forward to a palate of peach and apple, supported by refreshing acidity.",14.99,,14.0,75.0,578,2018
Laurus Viognier,,White,Rich ,"Viognier, Gamay",DRY,A fine nose of white flowers with a delicate toasted note. The palate is lively and mineral with flavour of apricot and fresh pineapple and a long and elegant finish.,12.99,,13.5,75.0,582,Unknown
Pouilly Loche Les Mures Trou,,White,Rich ,Chardonnay,DRY,"Founded in the 1900s and now run by the fifth generation of the family, Domaine Trouillet's Pouilly Loche has lively citrus and apple flavours and a fine mineral finish typical of the appellation.",22.49,,13.5,75.0,583,Unknown
Montes Single Vineyard Merlot 2016,Chile,Red,Big ,Merlot,FULL,"Exclusively blended for Majestic the grapes for this wine are treated with the utmost care to achieve a wine that is soft and flavourful yet with enough structure to have a long life ahead of it once in bottle. Intense favours of ripe red fruit such as strawberry, plum and cherry abound. Twelve months in oak barrels adds a spicy note and provides the structure that allows the wine to develop in bottle. This will be perfect with nice pink roast lamb.",11.99,,14.5,75.0,584,2016
Pouilly-Fuissé 2017 Domaine Cordier,France,White,Rich ,Chardonnay,DRY,"From the Domaine Cordier estate with vines grown in Fuissé village and Vergisson, yields of 40 hectolitres per hectare and 15% new oak this is a modern, sumptuous interpretation of the full-bodied style of Pouilly Fuissé. Very forward with ripe tropical peach and a rich (but not over-powering) use of toasty oak make this a wonderfully full style of Fuissé. Length on the finish is long and harmonious. Slightly more upfront oak and fruit than some of Cordier's other wines, a creamy dish like stroganoff would complement a wine like this.",22.99,,13.5,75.0,586,2017
Cloudy Bay Chardonnay 2016 Marlborough,New Zealand,White,Rich ,Chardonnay,DRY,"Cloudy Bay is a cult wine and, clever marketing aside, there is no denying the quality of this Chardonnay. A cool climate location and lots of sunshine means long, slow ripening - a recipe for success with Chardonnay. A complex nose that ranges from figs and lemon butter to more savoury elements of fresh hay with hints of butterscotch. The palate is substantial and rounded with toasty complexity and a long finish. Eminently drinkable now but it will reward those with the patience to age the wine for a further 3 to 4 years.",28.0,,13.5,75.0,591,2016
Domaine des Croix Quincy 2017,France,White,Fruity ,Sauvignon Blanc,DRY,"Domaine des Croix Quincy is crafted at Domaine Jacques Rouzé - a family-owned Quincy winery. To this day, it's overseen by third-generation winemaker Sylvie Rouzé whose experience and expertise are demonstrated in the impeccable balance of the wine and its expressive character. For Loire excellence, Domaine des Croix Quincy is a natural choice. Think of the crisp, green-fruit aromas of Sancerre and Pouilly-Fume and then introduce a touch of citrus and white flowers, delivered in a satisfyingly rounded sip. Elegant, polished and a stunning choice for summer sipping - enjoy alone or with seafood dishes for a stylish pairing.",16.99,,13.0,75.0,592,2017
Santa Rita 120 Viognier 2017 Central Valley,Chile,White,Fruity ,Viognier,DRY,"Sourced from a number of vineyard sites across Chile's Central Valley. Free-run juice and light pressings have been used to maintain a light and crisp feel to the wine, with a long 3-week fermentation period followed by 2 weeks on lees for softness of texture. Lively and crisp, avoiding the big, oily texture of many a Viognier, and focusing instead on the flavours of apricot and pineapple, and delicate floral aromas. Soft in mouthfeel, with a refreshing finish. Drink with Chinese-style chicken or prawn dishes, sushi or a stir-fry.",8.99,,13.5,75.0,593,2017
"Clouston & Co Sauvignon Blanc 2017, Marlborough",,White,Fruity ,Sauvignon Blanc,DRY,,13.99,,13.0,75.0,594,2017
Down the Lane Shiraz Tempranillo,Australia,Red,Big ,"Tempranillo, Shiraz",MEDIUM,Despite being dubbed 'Down the Lane' these grape varieties have been on an adventure that would put Bilbo Baggins' to shame. Never mind an illicit riddle game these grapevines have travelled continents to bring you this delicious bottle of red.,10.99,,14.0,75.0,595,Unknown
"Main Divide Riesling 2015 Pegasus Bay, Waipara",New Zealand,White,Sweet ,Riesling,MEDIUM,"The Waipara valley is 30 minutes' drive from Christchurch in the Canterbury region, and this wine is named in honour of New Zealand's Southern Alps, known locally as the Main Divide, which lies to the west. Some botrytized grapes were added to provide a honeyed richness. Slightly off-dry in style, the palate is attacked with wave after wave of honeysuckle, ripe apricot and lime, with a minerally undercurrent and zippy acidity. Rich and viscous, this wine can be enjoyed by itself but will also harmonise with oysters or chinese duck.",13.99,,13.0,75.0,596,2015
Song Sparrow Merlot,,Red,Big ,Merlot,MEDIUM,"Jancis Robinson MW called the 2016 vintage ""direct and lively"". Forget run-of-the-mill Merlot. Washington State's sunshine hours are bringing back the soothing sipper full with flavour. This is packed with plum, blackberry and mocha.",10.99,,14.0,75.0,597,Unknown
Ferdinand Mayr Riesling,,White,Fruity ,Riesling,DRY,"Rich taste, very gentle and smooth, fresh. Intense and mature flavour to soothe your taste buds",12.49,,12.5,75.0,603,Unknown
Champ Libre Chenin Blanc 2017,France,White,Fruity ,"Chenin Blanc, Chenin Blanc",DRY,"Chenin Blanc has been grown by the Loire for over 100 years and is something of a regional speciality. Aromas of golden apple & ripe citrus with peachy flavours & a tangy apple skin finish. Match with thai dishes, pan fried fish or roast chicken",11.99,,11.5,75.0,604,2017
"BenMarco Malbec 2018 Dominio del Plata, Mendoza",Argentina,Red,Big ,Malbec,FULL,"This Mendoza Malbec's made by Argentina's first ever female enologist, Susana Balbo. Grapes catch cooler evenings high up at 1,110 metres above sea level. This brings a lip-smacking acidity to a bouquet of blackberry, vanilla and sweet spice.",14.99,IWC 2017 - Silver Award,14.0,75.0,607,2018
Tikves Vranec Merlot 2017/18,Macedonia,Red,Big ,Merlot,LIGHT,"Vranec translates to 'strong, black, powerful horse'. The metaphor is no mistake - wine made from this robust grape is known for its abundance of taste. The wine is known as 'black wine' in Macedonia. It's only found in a pocket of Eastern Europe. If you like a Bordeaux blend, you'll love its endless layers of flavour. Full or delicious fruit flavours - think strawberries, blackberries and redcurrants - this elegant red finishes with just a hint of smokiness.",9.99,,12.5,75.0,612,2017
Puligny-Montrachet 1er Cru 'Les Perrieres' 2015 Domaine Jomain,France,White,Rich ,Chardonnay,DRY,"From a small parcel within Puligny's Premier Cru vines, situated on the gently sloping east-facing slopes of this classic vineyard. This wine is supremely refined, with a nose nuanced with honey and flowers. Ample feel and a fine structure on the palate. Enjoy over the next 5-8 years, with poached fish dishes.",70.0,,13.0,75.0,615,2015
Parcel Series Chilean Pinot Noir,Chile,Red,Big ,Pinot Noir,LIGHT,"A pale ruby red juice emits delicate flavours of rose petals, strawberry and redcurrants. It's an aromatic, silky-smooth cocktail of a Pinot - and you'll only find it here.",13.99,,14.0,75.0,616,Unknown
Cloudy Bay Pinot Noir 2016 Marlborough,New Zealand,Red,Fruity ,Pinot Noir,MEDIUM,"New Zealand is one of the few places in the world where this grape variety achieves elusive perfection, and the highly esteemed Cloudy Bay Estate have surpassed themselves in the production of this innovative Pinot Noir. Delicate confected nose, with vanilla and hints of spice. A seductive palate, where dark cherries and strawberries are complemented by toasty characters and silky tannins. A complex and textured finish. Try this with slow-cooked pork belly or a wild mushroom risotto.",33.0,,14.0,75.0,619,2016
Denis Marchais Viognier,,White,Fruity ,Viognier,DRY,,11.99,,13.5,75.0,621,Unknown
Kendermanns Riesling Kabinett,,White,Sweet ,Riesling,OFF DRY,This vintage was actually rather good for Riesling as the golden autumn with warm day-time temperatures and cool nights allowed excellent flavour ripening whilst still retaining crisp acidity This Riesling Kabinett has only 8.5% abv and is delightfully fragrant with aromas of vineyard peach with a touch of apple and grapefruit. On the palate it is off-dry to taste with a crisp and refreshing lick of acidity An enjoyable compliment to Thai green curry or any dishes containing a hit of spice.,9.99,,8.5,75.0,624,Unknown
"Burke and Wills Chardonnay, Australia",,White,Crisp ,Chardonnay,DRY,Rich and fruity with abundant lemon and apple flavours bound up with notes of vanilla.,8.99,,12.0,75.0,625,Unknown
"Sacred Hill Reserve Merlot, 2018",New Zealand,Red,Fruity ,"Cabernet Sauvignon, Merlot",MEDIUM,"The Mason family has been determined to do whatever it takes to make great wine. Hawke's Bay is the oldest wine region in New Zealand and sits on the east coast of New Zealand's North Island. The Reserve Merlot is a blend of the classic fleshy Merlot with a dash of Cabernet bringing structure and tension. For the cork dorks, the wine is matured in French oak, of which 15% is new and the rest is second and third fill.",15.99,,13.5,75.0,627,2018
Lorca Esoterico Cabernet Franc,Argentina,Red,Big ,Cabernet Franc,LIGHT,"Bursting with aromatics, it's reminiscent of crushed black peppercorns, fragrant spice and just a delicate touch of oak. Very finely balanced with good concentration of ripe red and black fruits, soft tannins and delicate acidity, it's a stunning Cabernet Franc.",11.99,,13.5,75.0,628,Unknown
"Revival Zinfandel, California",,Red,Smooth ,Zinfandel,MEDIUM,"Fruity notes of plum and dark berry, with a slight smoke and vanilla taste on your pallet, with a nice dry tannin finish leaving you wanting more",10.99,,14.0,75.0,629,Unknown
"Cuvee Dissenay Chardonnay, IGP Pays d'Oc",,White,Rich ,Chardonnay,DRY,"Aromas of ripe peach, honey and melon are followed by subtle toasted notes and an elegant and smooth finish.",10.99,,13.5,75.0,630,Unknown
Villa Vito Pinot Grigio Magnum,Italy,White,Crisp ,Pinot Grigio,DRY,"Prices of Pinot Grigio from better-known regions, Veneto, Friuli, are rising. So, to shave a few quid off the price and save you a packet when stocking up, Italy buyer James headed to a winery in Abruzzo. With modern-day pioneering winemakers on-side, it's now Italy's flourishing region. If you get in before word spreads, you'll reap the rewards. Aromatic notes of lemon, white flowers and green fruit are chased by a clean, refreshing finish. It'll boost your seafood, white-fish and salad dishes with wonder.",14.99,,12.0,150.0,635,Unknown
Lay and Wheeler Rioja Gran Reserva 2011,Spain,Red,Smooth ,Rioja,FULL,"Lay and Wheeler, our sister company, are experts when it comes to fine wine and they have managed to source this fabulous Gran Reserva from one of the most prestigious Rioja producers at a fabulous price. Drinking beautifully now this has loads of plum and bramble fruit and an intense finish.",30.0,,13.5,75.0,636,2011
Le Grand Retour Malbec 2017,France,Red,Big ,Malbec,MEDIUM,"This cuvee was created to celebrate the rebirth of the Cahors region and is packed with the classic flavours of French Malbec - Blackberry, Plum, Raspberry. Silky smooth with velvety tannin this is a powerful and pungent treat.",11.99,,13.0,75.0,638,2017
Escarpment Chardonnay 2017,,White,Rich ,Chardonnay,DRY,Burgundian inspired the powerful flavours of white peach are combined with a beautiful flinty mineral backbone. Lees stirring adds complexity to this exceptional Martinborough Chardonnay.,17.99,,13.5,75.0,640,2017
Hierogram Old Vine Lodi Zinfandel,,Red,Fruity ,Zinfandel,MEDIUM,"Subtle but very complex nose. Very dark color, cherry, tobacco flavor. Hearty, zin flavors. Warm, moderate mouth feel.",14.99,,15.0,75.0,641,Unknown
Christopher Michael Oregon Pinot Noir,,Red,Fruity ,Pinot Noir,LIGHT,"This wine is an elegant Pinot Noir that displays aromas of pomegranate, redcurrant and cigar box. On the pallet there are note of cherry, raspberry, spices and tobacco. Elegant notes of red and black cherry accompanied by spice and black currant. A beautifully delicate wine like this should accompany a selection of cold meats, including chicken and turkey.",17.99,,13.5,75.0,643,Unknown
Majestic Loves Merlot Magnum,,Red,Big ,Merlot,MEDIUM,"Elegant and deep taste with silky tannins, notes of red berries turns into a long and rich aftertaste. This mature wine could be self-sufficient gradually changing in the glass, and perfectly complement meat dishes.",15.99,,13.0,150.0,644,Unknown
Poligonos Tupungato Alto Malbec,Argentina,Red,Big ,Malbec,MEDIUM,"A structured, big bold flavours, dry, no oak, aged in cement. A very typical and welcoming Malbec. Aromas and tastes is expressive of blueberry, plum, cassis, pepper, racy tannins and active acidity, clean and powerful finish that is spiced, fruity, and peppery",19.99,,13.5,75.0,645,Unknown
Rioja Prado Enea Gran Reserva 2010 Muga,Spain,Red,Smooth ,Rioja,FULL,"Terraced plantings on the clay and alluvial soils at the foot of the Obarenes mountains at the Western edge of Rioja Alta form the basis for Prado Enea Gran Reserva. The wine spends 6 months in vat, 36 months in small barrel and the same period in bottle before release. An elegant, perfumed and complex nose with violet, wood-smoke, vanilla and red berry aromas. A rich, rounded palate of sweet red berries, wood spices and fresh acidity and a long and complex finish. A wine that can age for up to 5 years or be enjoyed right now, particularly with game, grilled meats, soft cheeses.",49.99,,14.0,75.0,646,2010
"Xanthos California Cabernet Sauvignon, 2017",,Red,Big ,Cabernet Sauvignon,MEDIUM,"Xanthos greets you with a deep, dark plum/blackberry color in the glass and a nose of sweet black and blue fruit and dark chocolate. Velvety smooth and soft in the mouth with polished tannins, flavors of black plum, cocoa, anise, and blackberry jam fill out the profile of this California red. Fruit forward but balanced with good acid making it easy drinking for all occasions.",10.99,,14.5,75.0,648,2017
Soumah Chardonnay 2018,Australia,White,Rich ,Chardonnay,DRY,The grapes are picked early to ensure freshness in this fruity and elegant Chardonnay. Citrus and apple flavours are wrapped in a silky texture; barrel ageing adds complexity and depth.,17.99,,13.0,75.0,650,2018
Sibaris Gran Reserva Cinsault,,Red,Big ,Cinsault,MEDIUM,"This wine has an intense cherry red colour. On the nose it is very perfumed, with aromas of red fruits such as: strawberry, raspberry, currant and pomegranate, accompanied by floral notes and spices such as, cardamon and licorice. In the mouth, it is fresh and complex, with touches of wild fruits. It has a medium body, soft, elegant tannins and rich acidity. It is an ideal fresh wine to enjoy from now until the next 5 years.",12.99,,13.5,75.0,652,Unknown
"Rawson's Retreat Riesling 2016, South East Australia",,White,Rich ,Riesling,DRY,"Fresh, zesty citrus notes with a balanced sweetness burst through a crisp, fresh base. With an elegant finish, this will pair flawlessly with white meats, fish and salads to bring added excellence to your table this summer.",9.99,,12.5,75.0,654,2016
Poste Restante Organic Tempranillo,,Red,Smooth ,Tempranillo,MEDIUM,"Vibrant and juicy this unoaked Tempranillo allows the character of the grape to shine through with flavours of redcurrant, herbs and liquorice to the fore.",9.99,,14.0,75.0,655,Unknown
"Composition II Malbec, Mendoza",,Red,Big ,Malbec,MEDIUM,,12.99,,13.5,75.0,656,Unknown
Domäne Wachau Weissenkirchen Federspiel Riesling 2017,Austria,White,Sweet ,Riesling,DRY,"When Jancis Robinson described Domäne Wachau as ""the best co-op in the world"" it came as no surprise. Under the guidance of Roman Horvath, one of just three Masters of Wine in Austria, the co-op has established itself as one of the finest producers of Riesling and Grüner. This graceful Riesling from the steep Weissenkirchen commune has pronounced apricot notes with hints of lemon grass and gooseberry.",12.99,,12.5,75.0,657,2017
Ten Minutes By Tractor Estate Chardonnay 2015 Mornington Peninsula,Australia,White,Rich ,Chardonnay,DRY,"Mornington Peninsula is a sub-region of Victoria which, in recent years, has been identified as arguably the best area in Australia for cultivating the classic Burgundian varieties. From the estate's Main Ridge vineyard, this Chardonnay is whole-bunch pressed and fermented with wild yeasts in French oak barriques.",40.0,,14.0,75.0,659,2015
"Cuvée Diane 2015 Viñalba, Mendoza",Argentina,Red,Big ,"Merlot, Malbec",FULL,"Named after the wife of Viñalba winemaker Hervé Joyaux Fabre, this is a blend of 80% Malbec and 20% Merlot, grown in high quality massal-selected vineyards in Lujan de Cuyo and the Uco Valley. A rich and inviting wine that hints at Hervé's Bordeaux background, this blend is full of dark fruit and spice aromas, and has a wonderful palate complexity, offering a plum and damsom backbone bolstered by smooth tannins and spicy oak. A rich and inviting wine that hints at Hervé's Bordeaux background, this blend is full of dark fruit and spice aromas, and has a wonderful palate complexity, offering a plum and damsom backbone bolstered by smooth tannins and spicy oak. Best enjoyed over a romantic dinner for two.",40.0,"IWC 2017 - Silver Award, Decanter 2017 - Silver Award",15.0,75.0,660,2015
Rustenberg Stellenbosch Grenache,,Red,Big ,Grenache,MEDIUM,"The Grenache grape is widely celebrated for its expressive-yet-light character. Rustenberg has captured this essence beautifully with this parcel - it's a carnival of lush cherry and strawberry flavour. Warming notes of black pepper undulate through each sip, scoring a fantastic balance. Enjoy now with charcuterie and tapas, or tuck away and await its foray into savoury sophistication with age.",14.99,,14.0,75.0,662,Unknown
Dom St Jean de la Cavalerie Chardonnay 2018,France,White,Rich ,Chardonnay,DRY,"This fresh and delicate Chardonnay has abundant floral elegance and richer cedar notes which add layers of complexity to the fine apricot and peach fruit flavours This fresh and delicate Chardonnay has abundant floral elegance and richer cedar notes which add layers of complexity to the fine apricot and peach fruit flavours Enjoy with your Sunday Roast chicken with the family, even in the in-laws. Or purely enjoy this by itself, fresh out the fridge to capture those fresher citrus fruits.",10.99,,12.5,75.0,663,2018
Rustenberg Stellenbosch Cabernet Sauvignon,,Red,Big ,Cabernet Sauvignon,MEDIUM,,14.99,,14.0,75.0,667,Unknown
Côté Mas Rouge 2016 PGI Pays d'Oc,France,Red,Fruity ,"Merlot, Syrah, Grenache, Cinsault, Carignan",MEDIUM,"Domaines Paul Mas offer have realised the huge potential of the Languedoc's climate and terrain, growing and vinifying one of the widest selections of grape varieties. This red blend brings together classic varieties from across the breadth of the south of France. A versatile, supple and youthful middleweight red, with a ruby-purple colour and a nose of cassis, blackberry jam and grenadine. Tannins are ripe and soft, framing a juicy core of fresh berry fruit. As enjoyable on its own as it is with a rack of ribs.",8.99,,13.5,75.0,670,2016
Stone Arka Merlot,,Red,Smooth ,Merlot,MEDIUM,"From the award winning winery, Yamantievs, located in the Thracian Valley, which is the perfect location for grape growing in Bulgaria. This Merlot has ripe black fruit & spice aromas with hints of plum. The palate is silky smooth, with an elegant black fruit & plum-skin tone. The acid & tannin balance is perfect - a silky scaffold holding a dark-fruit heart. It will enhance any meal with lamb or venison, but is equally at home alongside a spicy mushroom cassoulet.",9.99,,13.0,75.0,671,Unknown
"Cortese 2018 Araldica, Piemonte",Italy,White,Crisp ,Cortese,DRY,"Araldica Castelvero is a cooperative cellar based in the village of Castel Boglione, in Asti, Piedmont. Cortese is one of the principal white grapes here. This wine is sourced from the grape's heartland of Gavi and from vineyards in the surrounding Alto Monferrato region. A pale, light-bodied and crisp white, full of racy citrus flavours alongside softer notes of apple and pear, and subtly verdant nettle-like aromatics. Partners beautifully with spaghetti genovese.",8.99,,12.0,75.0,672,2018
Paradiesgarten Riesling,Germany,White,Sweet ,Riesling,OFF DRY,"""There's a distinct taste to Nahe Riesling. This is teeming with subtle notes of lemon sherbert, lime and balancing acidity. There's a sweetness in every sip that makes it the ideal summer refresher.""",9.99,,10.5,75.0,673,Unknown
Ena Dva Tri Cabernet Sauvignon,,Red,,Cabernet Sauvignon,MEDIUM,"Velvety and elegant, the Cabernet Sauvignon is a really good example what this region can produce. Intensely fruity with rich blackcurrant followed by bold notes of black pepper and herbs.",11.99,,15.0,75.0,674,Unknown
Irida Sauvignon Blanc,Greece,White,Crisp ,Sauvignon Blanc,DRY,"The wine reveals joy-inducing notes of citrus and exotic fruit aromas, followed by gentle swathes of minerality. With its luscious mouthfeel and fresh finish, a rewarding balance is struck - making it a fantastic partner for fresh fish dishes",9.99,,12.5,75.0,678,Unknown
La Grille Pinot Noir Rosé 2018 Vin de France,France,Rose,,Pinot Noir,DRY,"This fruit-filled rosé is made from Pinot Noir grapes grown on the stony foothills of the Massif Central. It was cool-fermented to catch the grapes' fresh fruit, full of the fresh strawberry and spice flavours so typical of this great variety. This soft, subtle rosé displays nuances of strawberry, raspberry, redcurrant and loganberry and is light in body, leaving a crisp refreshing finish. Serve chilled as an apéritif or as a delicious match for sushi, salads and chargrilled salmon steaks.",9.99,,13.5,75.0,681,2018
Lay & Wheeler St Emilion 2015,France,Red,Big ,"Cabernet Sauvignon, Merlot",FULL,"From Château du Rocher, a 15th century estate now managed by the legendary Thienpont family (the brains behind the world's most expensive red, Le Pin) and from an officially 'outstanding' vintage - it's a taste of the top - for less than £20",24.99,,14.0,75.0,689,2015
Patina Syrah,,Red,Big ,Syrah,MEDIUM,"Love a structured, generous Shiraz with a lip-smacking pepperiness? You're in for a treat! You'll taste a ripe palate of mulberry, blueberry and forest flavours.",24.99,,14.0,75.0,690,Unknown
Down The Lane Pinot Grigio Arneis,,White,Rich ,Pinot Grigio,DRY,"Pear, honeysuckle and citrus peel blend together to create a fresh, bright wine, with long length, and rounded mouthfeel.",9.99,,13.0,75.0,691,Unknown
Rioja Reserva 2015 Marqués de Vargas,Spain,Red,Smooth ,Rioja,FULL,"Although its modern winery and hacienda were built in 1989, this vineyard estate dates back to 1840, when the first vines were planted near Logroño by Felipe de Mata, the eighth Marqués de Vargas. This traditional blend is aged in American, French and Russian oak. A rich, dense and deeply coloured Reserva, combining aromas of bramble and wild strawberries with hints of liquorice and savoury-sweet spice. Velvety, full and well balanced. Best decanted before serving. Pair with beef carpaccio.",17.99,,14.0,75.0,693,2015
"Rioja Reserva 2012, Heredad Baroja",,Red,Smooth ,Rioja,MEDIUM,"Whilst Rioja is always a treat, and a natural choice for Easter feasting, this seven-year-old Reserva is truly hedonistic. The grapes are from the highest point in the acclaimed Rioja Alavesa subregion, where cooler temperatures and clay rich soils create perfectly balanced reds. Made of 100% Tempranillo, from an officially 'very good' vintage, the Heredad is a heavenly medley of smoky cherry fruit, oak spice and silky tannins.",16.99,,13.5,75.0,694,2012
Kangarilla Road Geology Series Blanche Point Shiraz 2017,Australia,Red,Big ,Shiraz,FULL,"The wine is a powerful and complex mix of mocha, pepper, earth and black fruit characters, bound together by muscular tannin and an enduring minerality. Try this with any roasted or grilled meat. The wine is a powerful and complex mix of mocha, pepper, earth and black fruit characters, bound together by muscular tannin and an enduring minerality. Try this with any roasted or grilled meat. The wine is a powerful and complex mix of mocha, pepper, earth and black fruit characters, bound together by muscular tannin and an enduring minerality. Try this with any roasted or grilled meat.",19.99,,14.5,75.0,697,2017
Revival Zinfandel,,Red,Fruity ,Zinfandel,MEDIUM,"Fruity notes of plum and dark berry, with a slight smoke and vanilla taste on your pallet, with a nice dry tannin finish leaving you wanting more",17.99,,14.0,150.0,698,Unknown
Vina Elsiete Rioja Crianza,Spain,Red,Fruity ,Rioja,DRY,"On the nose, the barrel aging notes stand out and maintain its fruity character. Its flavor is soft but robust, with a good structure and a long and persistent finish.",8.99,,13.0,75.0,700,Unknown
Vina Elsiete Rioja Joven,,Red,Fruity ,Rioja,LIGHT,,7.99,,13.0,75.0,702,Unknown
Faustino Rivero Ulecia Rioja Reserva,Spain,Red,Fruity ,Rioja,MEDIUM,Wine with intense red colour with violet hints. Intense and mature on the nose with a high presence of fruity hints well blended with the sweet and vanilla oaky notes from the French and American oak. Round and strong on the mouth with strong tannins.,14.49,,13.5,75.0,705,Unknown
Kaiken Aventura Bordeaux Blend,,Red,Big ,"Cabernet Sauvignon, Cabernet Franc",MEDIUM,"This is a classic blend of Bordeaux varietals, Cabernet Sauvignon, Malbec and Cabernet Franc. It's elegant, polished and remarkably balanced - boasting a rich palate of black fruit, cherry, mocha and spice through firm yet silky tannins.",13.99,,13.5,75.0,706,Unknown
Anna's Way Chardonnay,,White,Fruity ,Chardonnay,DRY,"Aromas of toasty oak, butterscotch and stone fruits arise from a cream-laden palate of citrus and peach. It's a soft, supple white and its acidity is integrated beautifully, thanks to expert use of fermentation.",12.99,,13.0,75.0,707,Unknown
Morala Riverland Old Vine Grenache 2018,,Red,Fruity ,Grenache,MEDIUM,The old vines produce grapes that are packed with flavours and this translates to the wine. Strawberry and cherry flavours are intense and ripe followed by hints of violets and spice.,11.99,,14.5,75.0,708,2018
BDX Sauvignon Blanc,,White,Rich ,Sauvignon Blanc,DRY,From one of the best recent vintages for white grapes in Bordeaux this is bone dry with fine citrus flavours enhanced by notes of minerals and herbs.,10.99,,12.0,75.0,711,Unknown
Giacondi Pinot Grigio,,White,Crisp ,Pinot Grigio,DRY,"What I love about this wine is that it is zingy, refreshing and a crowd pleaser at parties. Definitely a feel good wine - think first day on a foreign holiday with the sun high in the sky. Perfect.",9.99,,11.5,75.0,712,Unknown
Doamine du Tresor Syrah Cabernet,,Red,Big ,Syrah,MEDIUM,"On this vineyard, the soaking Languedoc sun gifts grapes gallons of delicious juice year in, year out - and this trusty weather is why this Bordeaux-esque blend is such a steal.",10.99,,12.5,75.0,713,Unknown
Aurore de Dauzac 2014,France,Red,Big ,"Cabernet Sauvignon, Merlot",MEDIUM,"Decanter's Steven Spurrier said ""Pomerol undoubtedly looks like being one of if not the major success in 2012"". Its warmer soils meant Merlot grapes were given a lengthy ripening period and were picked before the October heavy rain. The result was the most expressive, ripe and balanced claret from the year. So it's no surprise that the world's most famous wine critic backed this 2012 vintage as one of the estate's best EVER.",29.99,,13.5,75.0,717,2014
Mancura Reserve Carignan 2015,,Red,Big ,Carignan,MEDIUM,"This wine comes from old vineyards in the Maule Valley, an amazing place located among the hills of the Maule Coastal Range. It is unirrigated and has very poor, eroded soils. The landscape is undulating and the vines are planted facing slopes. Flavours of dark chocolate, coffee and candied fruits, with a persistent finish. Recommended with grilled red meats, game birds, pulses, stews, seasoned dishes and beef pasties. Recommended with grilled red meats, game birds, pulses, stews, seasoned dishes and beef pasties.",11.99,,14.0,75.0,720,2015
Pierre Andre Meursault 2014,France,White,Rich ,Chardonnay,DRY,"Hugh Johnson called Meursault 'the source of Burgundy's greates whites'. From a vintage rated 5/5 by Decanter magazine, heady orange blossom and hazelnut aromas vie with flinty minerality and lovely brioche flavours. Utterly decadent and utterly moreish.",40.0,,13.0,75.0,723,2014
Alamos Uco Valley Chardonnay 2018,Argentina,White,Rich ,Chardonnay,DRY,"The grapes for Alamos are grown at an altitude of between 3,000 and 5,000 feet where the temperature variation allows the grapes to grow slowly developing more flavour. Hand harvesting and sorting ensure only the best grapes are used to make the wine. The Alamos Chardonnay from the Uco Valley has a fine array of bright fruit flavours including lemon, ripe apple and peach. There are further notes of tropical fruit and a touch of toasty oak. The flavours here will work brilliantly with grilled chicken flavoured with a touch of spice.",9.99,,13.0,75.0,724,2018
Au Bon Climat Chardonnay 2017 Santa Barbara,USA,White,Rich ,Chardonnay,DRY,"Santa Barbara County is in the warmer southern part of California, which can make for Chardonnays that are extremely ripe and powerful. Winemaker Jim Clendenen has harnessed this power and focused it into an intense, yet well defined and tightly structured style. An immensely complex nose of ripe apple, orange zest, toast and roasted hazelnut. The palate offers bright fruit and a lush feel, with an enduring nuttiness that provides a long and involving finish. Drink with fine roasted poultry dishes.",27.99,,13.5,75.0,725,2017
Definition Shiraz 2017,Australia,Red,Big ,Shiraz,FULL,"Shiraz is a hard grape to define. Do we go French and smoky, or Australian and fruity? That was the question posed to buyer James. His response was simply ""barbeque"". A good Shiraz should always match with a sizzling grill. From winery that's gained Australian expert James Halliday's highest '5 star rating' - this is a ripe, fresh yet rich blockbuster that tastes of blackcurrant liquorice. The Majestic Definition range captures the quintessential qualities of the world's greatest wine styles, with a little help from some of the world's greatest winemakers.",12.99,IWC 2017 - Silver Award,14.5,75.0,726,2017
Farm Hand Organic Chardonnay 2018,Australia,White,Rich ,Chardonnay,DRY,Stone-fruits and citrus flavours build to a pleasingly round mouth-feel before being carried to a dry finish by fresh acidity. Well balanced and attractive this will be a versatile companion to a wide range of seafood and white meats.,11.99,,13.0,75.0,727,2018
Wolf Blass Yellow Label Cabernet Sauvignon 2017 South Australia,Australia,Red,Big ,Cabernet Sauvignon,FULL,"Yellow Label is the original series from Wolf Blass, one of Australia's most awarded wineries. Founded in the Barossa Valley, grapes are now carefully sourced from across South Australia and matured in a combination of French and American oak. An excellent concentration of blackcurrant fruit flavours, smooth, yet solid tannins and a hint of peppermint on the lingering finish. Partner this with roast lamb or a rich lasagne.",8.99,,13.5,75.0,731,2017
Adaras Aldea Organic Red 2016,,Red,Smooth ,"Syrah, Grenache",MEDIUM,"Almansa is the spot of Spain set to take the wine world by storm. Garnacha Tintorera is in its element here. The organic vineyard, 1,200 metres high, sees a distinct microclimate. In this moderated temperature, grapes ripen steadily through sun-soaked days while locking in the flavour they build up. Rest assured that it'll all land safely in your glass. Think Spanish winemaking's all Rioja? Think again! Spending just a short period of time in cask, this has juicy red fruits at its forefront. Its deep-violet hues release lip-smacking tannins and fresh acidity. Dive into the warmer months with this strawberry-packed wonder!",9.99,,13.5,75.0,733,2016
Condrieu 2017 E. Guigal,France,White,Rich ,Viognier,OFF DRY,"The famous enclave of Condrieu is well known for the richly exotic and perfumed wines it produces from the rare Viognier grape variety. Guigal was part of the resurgence of Condrieu and uses oak to impart extra nuances to the wine. Aromas of pears, sweet peaches and pineapples abound in this wine, which is delicately dry, full-flavoured, with a silky palate-feel and lashings of vanilla and spice on the long finish. A superb match for crab and also creamy curries, Condrieu should be drunk young.",45.0,,14.0,75.0,734,2017
Alamos Uco Valley Viognier 2018,Argentina,White,Fruity ,Viognier,DRY,"The grapes for Alamos are grown at an altitude of between 3,000 and 5,000 feet where the temperature variation allows the grapes to grow slowly developing more flavour. Hand harvesting and sorting ensure only the best grapes are used to make the wine. This fine Viognier is both delicate and powerful at the same time. Rich stone fruit flavours are balanced but beautiful floral notes of blossom and honeysuckle. This will work well with lightly spiced fish dishes.",9.99,,13.0,75.0,736,2018
Au Bon Climat Pinot Noir 'Isabelle' 2015 California,USA,Red,Fruity ,Pinot Noir,MEDIUM,"Rather than making this wine from a single vineyard's grapes as one might expect from Au Bon Climat, Isabelle is created by blending selected barrels from several sites, including Bien Nacido, Sanford & Benedict, Talley Rincon and Mount Carmel. A superbly structured, deep, complex and involving Pinot, and a great benchmarker of the vintage. An expressive floral nose leads into a palate of ripe dark cherries, plums, baking spices and french oak with a lengthy fruit driven finish. There is real power, precision and elegance here. Delicious and layered enough to enjoy on its own, this would also be a fine pairing for lighter meat dishes or game.",55.0,,13.5,75.0,737,2015
Xanadu Fusion Chardonnay 2018,,White,Rich ,Chardonnay,DRY,"Rated as one of the 100 best Australian wines by Matthew Jukes this is a modern style of Chardonnay with oak playing a supporting roles to fresh flavours of pear, white peach and citrus.",13.99,,12.5,75.0,739,2018
Hokum Chardonnay,,White,Fruity ,Chardonnay,DRY,"""A great example of new world Chardonnay, a delicate touch of oak gives this wine a lovely full bodied feel and it really reminds me of lemon meringue pie!""",11.99,,13.5,75.0,740,Unknown
Domaine du Vaux Chenonceaux 2016,France,White,Fruity ,Sauvignon Blanc,DRY,Chenonceaux is a new AOC (since 2011)producing white wine from Sauvignon Blanc that are powerful and ripe with aromatic complexity and typically tropical fruit flavours.,14.99,,12.5,75.0,741,2016
Domaine du Vaux Chenonceaux 2016,France,White,Fruity ,Sauvignon Blanc,DRY,Chenonceaux is a new AOC (since 2011)producing white wine from Sauvignon Blanc that are powerful and ripe with aromatic complexity and typically tropical fruit flavours.,14.99,,12.5,75.0,745,2016
Austrian Hills Chardonnay,,White,Crisp ,Chardonnay,DRY,"Austrian Hills Chardonnay strikes a magnificent balance of luscious mouthfeel and clarifying acidity on the finish. The palate reveals ripe stone-fruit flavours and vibrant swathes of crisp apple. Partner with lavishly-herbed, creamy pastas and soft cheeses for dining bliss.",11.99,,13.0,75.0,749,Unknown
Definition Shiraz Magnum,,Red,Big ,Shiraz,MEDIUM,"This fresh and vibrant Shiraz is a great expression of modern Australian winemaking. Flavours of cherries, blackcurrants, coffee and liquorice abound in the smooth, delicious delight.",21.99,,14.0,150.0,763,Unknown
Dominus 2007,USA,Red,Big ,"Cabernet Sauvignon, Merlot",MEDIUM,"Dominus 2007 is a seamless 'haute couture"" estate wine with an intensely aromatic noseand perfectly elegant palate. Notes of ripe red cherries, fresh almonds, pomegranate and blond tobacco precede sweet tannins and a wonderful, bright finish with great length. It is youthful, noble and discreet.",200.0,,14.5,75.0,765,2007
Goldwater Pinot Noir,,Red,Fruity ,Pinot Noir,LIGHT,"Dark cherry and violet aromatics coupled with some forest floor notes. The palate is plush and full of ripe red and black fruit. It has a classic Martinborough savoury mid-palate again with spice, herb and forest floor.",17.99,,13.0,75.0,767,Unknown
Kelly Washington Rapaura Chardonnay 2017,New Zealand,White,Fruity ,Chardonnay,DRY,"A full, luscious texture is balanced perfectly with a fresh and mineral finish. It's citrus-laden, charmingly creamy and a fantastic partner for poultry dishes, white fish and rich cheeses.",24.99,,13.0,75.0,770,2017
Kutch Pinot Noir Sonoma,,Red,Big ,Pinot Noir,LIGHT,Fresh and zesty this brilliant Pinot Noir from Sonoma abounds with bright blueberry and raspberry flavours followed by lifted floral notes.,48.99,,12.5,75.0,771,Unknown
Lorgeril Chardonnay 2015,,White,Fruity ,Chardonnay,DRY,"Powerful aromas of pineapple, vanilla and fresh exotic fruit throughout the palate. Beautifully well balanced",11.99,,13.0,75.0,773,2015
Mayacamas Chardonnay,,White,Rich ,Chardonnay,DRY,Grown at altitude the Mayacamas Chardonnay bursts with fresh citrus and stone fruit flavours enriched by sublte use of oak and lees ageing.,55.0,,14.5,75.0,774,Unknown
"Mount Langi Ghiran Cliff Edge Shiraz 2017, Grampians",,Red,Big ,Shiraz,MEDIUM,"Mount Langi Ghiran is no ordinary Aussie winery. Its location in the Grampians mountains is so remote, that its vineyards are cooled by air forced down from stony peaks. This unique site, and first-class wine making, have made it ""one of Australia's leaders of cool climate Shiraz"" according to Robert Parker's Wine Advocate. A distinctly 'Old World' style this has an upfront savouriness and white pepper notes, balanced by intense dark fruits.",19.99,,14.0,75.0,775,2017
Penfolds St Henri Shiraz Magnum,,Red,Big ,"Cabernet Sauvignon, Shiraz",MEDIUM,,216.0,,14.5,150.0,778,Unknown
Three Sticks Vineyard Chardonnay,,White,Rich ,Chardonnay,DRY,,70.0,,14.5,75.0,779,Unknown
Vinologist Shiraz,,Red,Big ,Shiraz,MEDIUM,"The intense nose is perfumed with an abundance of violets, dark plums and rich brambles. The violets and red fruit of the nose follows through onto a full, fleshy mid-palate with flavours of blackberry and notes of vanilla, cloves and nutmeg.",9.99,,14.5,75.0,781,Unknown
Waimea Estate Cabernet Franc Syrah,,Red,Fruity ,"Syrah, Cabernet Franc",LIGHT,Earthy blackberry flavours from the Cabernet Franc marry harmoniously with richer blackcurrant flavours from the Syrah in this deliciously unusual blend.,14.99,,13.5,75.0,782,Unknown
